-- phpMyAdmin SQL Dump
-- version 5.0.2
-- https://www.phpmyadmin.net/
--
-- Máy chủ: 127.0.0.1
-- Thời gian đã tạo: Th5 08, 2020 lúc 03:25 PM
-- Phiên bản máy phục vụ: 10.4.11-MariaDB
-- Phiên bản PHP: 7.4.5

SET SQL_MODE = "NO_AUTO_VALUE_ON_ZERO";
START TRANSACTION;
SET time_zone = "+00:00";


/*!40101 SET @OLD_CHARACTER_SET_CLIENT=@@CHARACTER_SET_CLIENT */;
/*!40101 SET @OLD_CHARACTER_SET_RESULTS=@@CHARACTER_SET_RESULTS */;
/*!40101 SET @OLD_COLLATION_CONNECTION=@@COLLATION_CONNECTION */;
/*!40101 SET NAMES utf8mb4 */;

--
-- Cơ sở dữ liệu: `tn_shop`
--

-- --------------------------------------------------------

--
-- Cấu trúc bảng cho bảng `categories`
--

CREATE TABLE `categories` (
  `id_categorie` int(11) NOT NULL,
  `name` varchar(200) COLLATE utf8mb4_unicode_ci NOT NULL,
  `logo` longtext COLLATE utf8mb4_unicode_ci NOT NULL,
  `BRANDS` tinyint(1) NOT NULL COMMENT 'thương hiệu',
  `CATEGORIES` tinyint(1) NOT NULL COMMENT 'thể loại',
  `OPERATION` tinyint(1) NOT NULL COMMENT 'hệ điều hành'
) ENGINE=InnoDB DEFAULT CHARSET=utf8mb4 COLLATE=utf8mb4_unicode_ci;

--
-- Đang đổ dữ liệu cho bảng `categories`
--

INSERT INTO `categories` (`id_categorie`, `name`, `logo`, `BRANDS`, `CATEGORIES`, `OPERATION`) VALUES
(8, 'IPHONE 99%', 'http://www.api.tnshop/files/6h4erfau1583742938TN-Shop.jpeg', 1, 0, 0),
(9, 'IPHONE', 'http://www.api.tnshop/files/5kzykd3w1583742679TN-Shop.jpeg', 1, 0, 0),
(10, 'Quảng Cáo', 'http://www.api.tnshop/files/bnbj2kaw1582801894TN-Shop.png', 0, 1, 0),
(11, 'Slide Web Site', 'http://www.api.tnshop/files/0hv6kdn21582801908TN-Shop.png', 0, 1, 0),
(12, 'ĐT Đang Hot', 'http://www.api.tnshop/files/dkbsznjq1588919873TN-Shop.png', 0, 1, 0),
(13, 'OPPO', 'http://www.api.tnshop/files/4epge3cr1582800094TN-Shop.png', 1, 0, 0),
(14, 'Máy tính bảng', 'http://www.api.tnshop/files/cupymbzy1587136784TN-Shop.png', 0, 1, 0),
(16, 'IOS', 'http://www.api.tnshop/files/ae88ptzt1582801534TN-Shop.jpeg', 0, 0, 1),
(17, 'ANDROID', 'http://www.api.tnshop/files/oq2rm4cj1582801586TN-Shop.png', 0, 0, 1);
INSERT INTO `categories` (`id_categorie`, `name`, `logo`, `BRANDS`, `CATEGORIES`, `OPERATION`) VALUES
(18, 'REALME', 'data:image/png;base64,iVBORw0KGgoAAAANSUhEUgAAAZAAAAGQCAYAAACAvzbMAAAgAElEQVR4Xuy995vkyHUleiICSFO2/fieoRFJ0ZMj0S0pGkmkaCQa6entrnb1/qz3vR/2hxX3Ga0kSpS0oixHpOg9hyKHbsjx09O+XDogIt53bgCZWdVV3ZXZhe7q6pvz1VR1JhBAngDi4LpzTQghQl+KgCKgCCgCisCMCBglkBkR080VAUVAEVAEBAElEL0QFAFFQBFQBOZCQAlkLth0J0VAEVAEFAElEL0GFAFFQBFQBOZCQAlkLth0J0VAEVAEFAElEL0GFAFFQBFQBOZCQAlkLth0J0VAEVAEFAElEL0GFAFFQBFQBOZCQAlkLth0J0VAEVAEFAElEL0GFAFFQBFQBOZCQAlkLth0J0VAEVAEFAElEL0GFAFFQBFQBOZCQAlkLth0J0VAEVAEFAElEL0GFAFFQBFQBOZCQAlkLth0J0VAEVAEFAElEL0GFAFFQBFQBOZCQAlkLth0J0VAEVAEFAElEL0GFAFFQBFQBOZCQAlkLth0J0VAEVAEFAElEL0GFAFFQBFQBOZCQAlkLth0J0VAEVAEFAElEL0GFAFFQBFQBOZCQAlkLth0J0VAEVAEFAElEL0GFAFFQBFQBOZCQAlkLth0J0VAEVAEFAElEL0GFAFFQBFQBOZCQAlkLth0J0VAEVAEFAElEL0GFAFFQBFQBOZCQAlkLth0J0VAEVAEFAElEL0GFAFFQBFQBOZCQAlkLth0J0VAEVAEFAElEL0GFAFFQBFQBOZCQAlkLth0J0VAEVAEFAElEL0GFAFFQBFQBOZCQAlkLth0J0VAEVAEFAElEL0GFAFFQBFQBOZCQAlkLth0J0VAEVAEFAElEL0GFAFFQBFQBOZCQAlkLth0J0VAEVAEFAElEL0GFAFFQBFQBOZCQAlkLth0J0VAEVAEFAElEL0GFAFFQBFQBOZCQAlkLth0J0VAEVAEFAElEL0GFAFFQBFQBOZCQAlkLtia28kYc83gMcbrHnC3fZo7Qx1ZEWgGgRtd5zuPer3rftaxmvlGR39UJZA7YI55o/CG2OumUAK5AyZRT/GGCOj1fUOIDt0GSiCHbkquPaGaIPa6wfRp6w6YRD3Fua1oJZbDe/EogRyyuZm+WWriuJGFoQRyyCZRT2dmBK53jYcQdh3vRvfFzCehO8yMgBLIzJA1u0N9s/Dm2Ekg+iTWLPY6+u1F4CAtbCWXWzOXSiCN4xwB4+UoEQ6IVv6uQ+VmKj4eTUAIEbH60Np6W4PI/24QTJdxI2T/etzd/q7H32vbWT/f67jzQntQ57UTg/p7HcR53Qgjme9qHm607c2e1zzfp+nrZJ5zSjeJHd8bvGMM0r2D6Kq7JiDyfjKhupd4s6T7ZPqlBDL3DMy0oxLITHDNtrGRBd8j2gFohAcsyI3Am5eXPH9iGWGckZsiYoRoDAJ4EyUW2d+NkLbm0cYLQ2KsCZmY63xefa16//EdXO+/x1g2AoGL5B6fz4bWZOtti1sD5z33eU1hzC990HhfP9du3rPefb+mr5PZzzYgPR858LpKV3+ZCEQ8WC1Eb2FyA8j91ANiCzHmMHInTSz2ybGvJZbZz0v3uB4CSiANXh9GHi0Dot0ijSAKgWSyyKfnqQD4Esh4EpuI2ACMhREr5dp03smpytLV4Jnr0IrALUbAlPKwRaJI1kYAzDBRts+AsIQYFmHyTN4Ppi8EArTTiUYSyE7CUAJpehaVQBpEWAiET/GuhwCPwJsDLfB9GyKsKYA4BFwf0T+PEF6EcxYIvIF4U0z7t/hYtgdp3MpH11nwmofjbsV3OUrnNct81NseRoxtAQiJZJVritd7IXZ6HHVhcAZo3Q/YJbkvgtw7uVgsNYFMP1Qly10JZJ7LY5Z9lEBmQWvWbUPlWnIFImh282LvwEYLKz6EAeA3gPACLl36Kja3vo/cryP3PhHPPuMeNPkP44vurVle3Hw6JjTLvrNsO+t5cexbgfE85zXL9+a2xHfGaZn1ELL9rN9FnrVY74QMNtKlW4IxQY8WnLsf7c6v4tiZX4fLHwDMIqK122OCYu1PvpkSyFzTNvNOSiAzQzbDDiQQEkHGJ6mBhASjWCAt8e0aFEBYA8qf48K5/4Wr6/+KZVxGJ/BJTEyQfR3sViy6+zqRHRvNExy+Fd/lKJ3XrPNSx6tm3W/W7WfFOMIiiPWRIQrLlQgmoDQLGJX3obvwKE6d/R049wpEcxzBtoQNLYPpvFPklxLIrPN0s9srgdwsgtfbv34Mc4lAEiVUbiy6eCN9vmuA/yGuvvRn2Nz4eyz4c2j7YboVmMqbQrXp3hjzyXQMhLSkL0XgDkeAxBGT+ypaLxZIMBEjEkh8GO3uO3Hs4U/CmtegxGkg68i9YcXtNSEQZipOUuDVhdX0VaEE0iTC43zcEQyGlQWSA7Eti37K7t0A4g+w+eL/wObG32DJX0a7HI3PKpniDBAyjbd6yqpTaOSf8Za4fZqEScdWBORBSdxrvN5LBBvhLVBYh74/i3zhPVg9+/uAexOCvR8lcjhLu6Wy1ne4sBKiSiBNX1lKII0iXNkPhhYFL3T6bXPx85ILLK2QwHTEf0f/xf+OrfXPYimsIS9L8e+SPFgLcqP6D8nm0pcicEcjEGDoh+JTEt1SNsXSRwbohbNwi+/Bytk/ANxbENwDGMUMmWVllRLI7Zx2JZAG0U8GA11MBVJNCInDwUuwMBGI830gPCEE0lv/SyziCrKy2EYgYqJfp4hQbjx9KQJ3MAIpgSJZIZKNRYubFojJ0fMPwS29G8tnPwVkbxYCGSJDbpRAbveUK4E0OAPMImFuu8QEeTfQz2sBb6JkvNPAzoVAfozB83+C/tpn0LUX4fxQgoJMa7dV6q6Q0R4kclhjIPOc1/7SBm5u0o7Sec2DxKHEeHyPsIiWF3+ZCCQuoBdIIO/C8sOfBLI3wGf3Y4SWPI5laoHMcwkc2D5KIAcG5bUDMRBIArEsjAqMfSSzvLReqkIkJyv0YPxPMXju/8Zg/TPo2AtwYZgseRbdVtbK9ayQw+rpnTWjatbMnXmn7qic1zzf/zBjzDvCVTVQJBGm9RZxCf3wINziu7D8yMeB7LXw2X0YoV0RSC11sj2NV2Mg81wds++jBDI7Zvvcg5pWzL7ysKEFBGaYpCLbwhYokTKt2ujB+p+h99z/g9HVv0bHXIELu7uw9nZjSTBln+d16zabp3aCT8dNL3JH6bzmmc2qvnWeXfe9z6wYM2U3WF7GBo5V5eLNYoRjSYLobvkdWH6YBPIa+OwMRshZMVJFE+uLZqdteVgfrfYN46HfUAmk0SmiL5eBQZIHhRRTRm60JTxGfMZCjj4sLZBn/0ciEHsVJpRSRMiMlJ29QK51v8iSO5XjO53vm6RUKtWt6pvu9nk9qkRmbnKsyf5Sib9N0ZDnMnUsmmM7FA+Te6XZ8952Xrsda5fzniRLHwRGu+M903nt87x34i01FmOMp/8+2Osk6VNV40/jucd5855g2m51g8CJy5dXbwe9cD/Myrux8vD/huDegOhOyb1j5T+5ofa4i+dxVja6IBy5wZVAGpxSCQryycrwRkhpJU5SFSmwSHUsVjj3AP9jDJ/7NIorn0XLXBqr9+7marn2Vrkegez25XYSyE6P+I0+nx5zW3HKLge70Vg3+nyvY+123HnHupUY6XnvfrvVDwwR3lihBhKIpWQJMmzhNOLKe7Fy9r/Am0dh3HE4JqbAyba3pra+wYXiDh5aCaTByUsEQt0eSjJQxsQio7eJIXQbEESVlwTyBIbPVgRiSSApNXF/BMItD5/7qkFYdegjiUB6ECKBBMP7xIpeXDQZNnESYeV9WD37xyjNo7DuGBxYW5WyGvV1+xBQAmkQeyWQBsHVoY8YAkogd+KEKoE0OGtKIA2Cq0MfMQSUQO7ECVUCaXDWlEAaBFeHPmIIKIHciROqBNLgrCmBNAiuDn3EEFACuRMnVAmkwVlTAmkQXB36iCGgBHInTqgSSIOzpgTSILg69BFDQAnkTpxQJZAGZ00JpEFwdegjhoASyJ04oUogDc6aEkiD4OrQRwwBJZA7cUKVQBqcNSWQBsHVoY8YAkogd+KEKoE0OGtKIA2Cq0MfMQSUQO7ECVUCaXDWlEAaBFeHPmIIKIHciROqBNLgrCmBNAiuDn3EEFACuRMnVAmkwVlTAmkQXB36iCGgBHInTqgSSIOzpgTSILg69BFDQAnkTpxQJZAGZ00JpEFwdegjhoASyJ04oUogDc6aEkiD4OrQRwwBJZA7cUKVQBqcNSWQBsHVoY8YAkogd+KEKoE0OGtKIA2Cq0MfMQSUQO7ECVUCaXDWlEAaBFeHPmIIKIHciROqBNLgrCmBNAiuDn3EEFACuRMnVAmkwVlTAmkQXB36iCGgBHInTqgSSIOzpgTSILg69BFDQAnkTpxQJZAGZ00JpEFwdegjhoASyJ04oUogDc6aEkiYA107xz6z7WK4Vs34imbGHcAdZt1pHrxmPa/Dur0SyGGdmeudlxJIg7OmBDLHSj3zojv7BCqBzI5Z83sogTSP8cEfQQnk4DEdj6gE0iC4NzG0EshNgNfYrkogjUHb4MBKIE2CGyNgIoIJ8HAALLJAx4YHbECIfKcH+CcwfPbTKK58Fi17CTClnNVuC93uDp672fUx+wQqgcyOWfN7KIE0j/HBH0EJ5OAxVQukQUwPYmglkINA8aDHUAI5aERvxXhKIA2irC6sBsE99ENrEH22KVICmQ2vw7G1EkiD83C3EIgxu2cb0YOXXgbTm6T3dw+w7zHUnrMUJwe5Zpu9PtvrfOWs9hjvevvsfnJKILPdWkogs+F1OLZWAmlwHpRAJsQyvQBfb9E3M/qXrj/WXsQ2T3bYrBeKEshsiCmBzIbX4dhaCaTBebhbCGRvCCch//0SCNB8QkC4TnnGrpaG5ELMSjpKILPdWkogs+F1OLZWAmlwHu52AolV9d30osy/r2c1HCSB7HWc6xHIbpcDqcDOXJ+iBDLbraUEMhteh2NrJZAG50EJZHcX1vUhPzgLZK+4RRn3PsZupMNv4cysFfJKILPdWkogs+F1OLZWAmlwHu4WAtnborBATAvvvoLQxiNeZ3Hf1Tq4TtR9HgLZ63JwaoE0eKdI+oL8eGMRDOulLGyIiCbDJk4irLwPq2f/GKV5FNYdg8MIBhmi1Ffp63YhoATSIPJHiUBMyGQJjaZAsCyOlH/ABZPiAzFKphW9Vny+j3T68Kl9SkRqexxkL+BntECM5HjtMljkKc302js0kqwJE02VOza1pfyZCkb5m0WjVv7pYAQILoKsHk37CBwk1THxee4l+zKBoMaPnxPDMQFL0WmKxRiEhDmxnjVtbSZEbuXGSiC3Eu2DOpYSyEEhucs4R4dADGzZkjUy5H2UDvBczQKQlxmcjzCR1fVc7yw8cnibI4RUUZ9eTOXd6dapFmJZ6Hcu33yzfm/673q89F61LMtfNV/wPKMs6Nfuz7cnW+6ctL2oyCAZRmm8MEWKsviLj4sDe5A1OO95yOEIUiwRXaiUBwKCcImFsXxyjoiB+3gYx0FIJiQF/lgEoQwnrMNzdjHCBRIUj5GOy+1mF3ps8KKfe2glkLmhu407KoE0CP6RIhCfyyLmsyEKlxY5EywynyHjGlg9RxdxAYU9juAWEF2RqEPWXTEVYKKFDx6BT9LpcVxC1NNEI0/qfCKfJgBuO07x5dHq/ZPmixXrIFFIWm4nBBPGn6fztHs9tfMQu34WtgX+eWb1OfpQwthkPVCeRsyOGOAKB0f+NAWMG8K6IWALIQyxTkgMJN5gYHlOluZb5cgxoSIRn45Dk4Yo8RBVRtiEGmeNzTR4wd/U0EogNwXfbdpZCaRB4I8SgXDh5/JWulKsD1meYya+6iwyR8lgWLZR2PthF14J23kQhQSe01Ini3riEDibwbpqEPnQCjeM+aR+2B+bFIk7dn6+rWRkatuKOya1ijVPVeOmmM21rrKy9EJu17zoWorFhMDqR/7ko0qWQ/QIoah+l2IpwA9R+jXEuAHrNmFtDxYj+Uy89zRMaEmEAMP3QpZIxJaIjAdRE43HrjyB276/WFJWCOVovJRA7sR5VAJpcNaODoGk520+yZM8UhqsgfM5XEhP/960MIonkS2/Be3T7wEW3wS4e4DYSQhPu6+oIlnRyvj3Ngtjl0nZ7fNti+cUS1x3rLRQVRRYHahyd9EKGJ/nNHuRKEgsUwcURkvkIT904fkS8AUQR4h+Db68hDKswftLKIsLKIcX4IsrMOUmrN+AC1vI0EdmS2QoYUYhGTEcT9xhYtoJcZJEeBbi3qLNIqRrkNGiafAavnVDK4HcOqwP7khKIAeH5S4PrkdHjZcxBRKIPHPL4pUyZRz98QYYhRZ6uB/t4x9A58xHYLpvQcQKgKyyQurFOcGUrIBp90uycCavnXGPHWaEnMn00rnz8+uMJcZPqFxkyfk2Hf1IwfIpd9jU0OMjVgSS4ik1wST3VSKUAWD6gBkBsY8Y1uGLywijSwiDCygH51AMngeKc4jxCkxYQyduIQuFuLQYU+LYdbAcVv5VZSkxjJ7wyqrtGryMb9HQSiC3COgDPYwSyIHCuX2wo2WBpKff5P+n68SK9WFAN0vAKJJAHkbn9MfRueeTQP4mjLieVisu3S31y5KAdg2o7x743m4t1KPste2NPw9CGXv7fq6loipmsc1uqghGsqE8GPJOkRu6pKo4C2MZEvPwsOLNo3UyBMI6YvkSYvE84uAp9LaexrD/NMzw58iwDhc9XCzhUCCLtPCq7zplfdQEYklQ1/kuDV7eBzy0EsgBA3pLhlMCaRDmo0QgKQZSpedKVhDd83SxpEyr0mbYjA/DrnwMS/f9R4TsjUDmEoFULq+6XiT9k2NMcvhrCyDsIWVit1kr+5u03cfiIr87eeyeg8VjkR4m51pTYUq0rcdK6bVj+mJMBD5lXEXumwnpps3p9toCzAZgLgKj8ygHT2O0+Q2MBr/AqHcRplxH22whj1twfoCMmVpZyl6gp4zY2cwhmKESyP4uB92qAQSUQBoAtR7y6BCIgQ2pIVbKjqpSYUMVWOaTsbXYio/ArH4Ui/f974j5mwCTIZIorrE2hEFSeuo466k2VXavA5m1pkPmYJfgQFrudyeQvYglfdt6MKbQ1qnAqfZlcpgqYUCyqab3Se47SrtIMoEEM5g7UMLaIRB7QLgM+CfhR7/EYOMZDDaehB8+BedfRNteRY4BTBmQGcCaHIiZWDrBFVXKcoMX8i0ZWi2QWwLzAR9ECeSAAZ0e7mgRCDOEWAAXZMGSYra6zkPqETJsmYfgjn0YC/f9AZC/GTF0hETGBFLLgVSFh2npnYqDVMV4u07JLgxy3QSkPQsMa7fatS6wCbnscGIxmJ1C2PJTJ/Fu56I64yxllNHiiLQ8hG09ArOqZAeJcCCwAJN2hE3vgJXVYQuIlxHL51H0foTexuPyO46eQh4uo2MLtJj+TNehT+pcwTFb67pINHiFH+TQSiAHieatGksJpEGkjyKBhCrFND1f0z+fkpFK20EfDyM79gEs3PdxoPUmRL+KGHMYuz3mkVxZU8/tN5lGNGshXVpv60W3Jou9gvBkoirTStJ2t1tIk6LCumrcSXZUqnGpyIrti80IyaVG3KTyQwhEQuHRV1ZJG5aV7O4KgOcRRz9Bf+MHGKz/CGXvKWTFBWRxE3kcIaf7ECVYj6gE0uBNrENfFwElkAYvkKNEIKz5kHwjW8rTtHiIIguw6YpiuHcJAzyI/Nh7sXj/h4H89QhxFRFtGMsFlQtdlZO6rcwvOcSqMMmeWlgs/tvrOXtcH1F7wVgxL3xw7R6pQH13N5mcRVWvOA7+j4eYyJVMXF1WDsGstCQ5wn+nWInUFVYWlZeajkqyhMMYB8sYRk2jkfUjdId1xM0VMYS1mwAuAv5ZxOHTGFz9EdbOfx+meA5L+SZyu4U42kTGJDcNojd4F+vQ10NACaTB6+MoEQhF68T1YocIldfJsoqaC2bIUQqB3IfW6tux+MBvAfmrEMwqQH/92FVVlVrLClsTRyKGyfP/3ov7bnlXyfFxbbhj70B5veDeOAtrYhjVS/3knSoHS6RGRLNqLOxXVf2ZEhZllZfF95xYY4xdMCGAJSd1WgKkSJFurhoIbk+0KRi4AcRLwPApDK48jsH69xFHP4fDC8jNBlwcSSp15SurruaabGt0JhGcXQNDDd4D+x9aXVj7x+rwbKkE0uBcHB0CmfjumYpaZ1ax6C39oy0EMoonkHVfgc6J18IsvQKwZ+SziS8nlUmIyKKsxTsX5hmFFOu528sFtqfJUlsh024rDsa843rRnb4wkszIZPGt0ggkHZkEyVhHBrgcyFrp7+pFCwzoIsYFhNBFREvMI8u8XrE6mPLLYvQC0bECnSnDbbFEpEIdBazZhMFVYPQcivXvYWP9mxgOH0eGZ7GEdeTcjlJkoVURmpGCTy+V7CSyIFJdMl98CDiUAoxKIA0uRY0NrQTSGLRVFzspwGNCZ8piyupKY/rFRWG1B/gnMHz20yiufBYte2mcGrtbbHR35aM5F96ZvnttMaS0Xck+oqtIPEUZfFzAyHcR7CranZPIF05jGFbg0aq0sKo0WHF5TTtddq7+zQeEr+Wb9ARPnSrGI7a9KncXA9f1iym9yeqwMBkr7UmIDtbmcFkGl7VhWiuw+TG4/DiQnQCyk4BhYSWJhNlnLXgGwmMG50g6QGF6cp2QQGqzig8hFgVcGMCgD/inUfS+hStrX8Jw85tYic+jE/toUU7GU18rF4nzwpFERgjU4YoRrQA41jeSTg6lfJYSyEy34yHZWAmkwYk4OhZIXfHAoG+ZMrCmcJNqCNPGKOQoQgde4h58Ch+kmgep+ZiSM5mOek//vUds4qCn6Fpirp1gNREnqfSJGUHGS58xjiMOIYlVODCKHUMlvW6dqOxakoM9iWjvhXUraLVPIu+cRtY+BZMdg22fAtwJgC6+sApEWiYGhe0jWsZKSEokklTVLiKK3qR4k9sAwi8wXP8memtfhd/4NlrhBSxkfSk+jAMyexvBOpRuiEgCoYONFoqnNRQR7A5ZloMGeK7xlEDmgu0276QE0uAEHCUCSZXPkjgKCrbXVQ70+MjSah28cSgCn865+LHdDxevaUn3BHYKVu/md9rNfXTjCdq1RmRbfcYOo2LXIbdT4vZNJpIideyjTsmlEGQIKRFXaFW+Fy2yJRRhGSHSuujCZivIWsdh8uPoLj0E03oQrvsIkJ8F4knE0IZ3ZbIOWD+Tlvoqa6sFSzXkkUHGxd9eBcpfwo9+gM3z/4xR73to4QUs2A2YIiZXls3gWWPCOpFaybdcTNXyfP/QBd6VQG58pR++LZRAGpyTo0IgEjxn34kq7TTpNCURv7EbS2pBgJLWhoQ4DFp00VQP9cwyksC2ZCFNP+Hv4bLaGZ64zjztHkSfI1y8az5wdSJS+zJZdmsikR7vFZ2Kl4vGiVgnjHHk4tZKhOJQxhyUu7etMwjufrQXfwWdlV+FW3gZkN+DGJYQTQfBOERLhBOFgG5A6S8C5IIfSXkNwDMornwRm1f/DaP+d7FgXkSHar8lU4Qtoh2JFLx4Dek69XShBRjbVwJp8L6/m4ZWAmlwto8OgaTOd/wR+XCJ3VSd9/jQLUqxqYdFcvPUgrf05XMBJdGwAJHr10SJSjar/EkTufZqoeaCXXcAlL/pJquWbb4vjZvSAaWwcZ+fy5xse00CAiI7Ml0ZPyXbTtKbSCxWTZwiCwIn33vbd/el6FhlzlWdGQHvA0bBComU7JmS3wfTPovu0iPoHv9VmPzNAO4FSCKuLfIwtPdqxxqxTyF76m0NUnZW+DmG61/D2oXHYIaPYyVfR+6HsL7aqyJ2qnWRoKR2xAyv01SrwRviukOrBXK7kL+Z4yqB3Ax6N9j3SBEIg/7iCuGinaTEqe0kS7i0ba0qopk0UAfXJQOJjajq+AeVe2tLpF7Ip+IODc7FNUNXBCWnL4ZDVdNRF/fJDnWiLTOlquZO4+BIOv+x0VITT0WeVgQRfRJWZNaVwMayc4OyiPBuASO7hEG5hJgfR3vxFegc/yDa7TeINQJzHNEuwtOqExl34kpNLPYSYcCcB+/DZRfgB09g7dxjGK5/GcvuOXTCJWRUCaiyrmgNUZqRagFJx7dQArmV19oRPpYSSIOTe3QIhIHX5ApJtXFJIFDEASsy4WpFEkk+qkQ2oXpeHvffGEevK/IQZkl+/ulKkMnf006j3f6u4xZ77S/MtWP8aQskZZZNmGA6DlIXPVZ+up0ij2PZlWSX1C6tsZOLFhIdWZS8D1QvrnrHE6cY4EkkhnEKWhsdeHMCRXwzVk++C63V1wPuFYB7AMFmoN5usPw/G1LRlshgQkfO3NkrMP4cBuvfw+alL8AOvolOeBKdOEhpu4FZWS2Uhs3ARlIDz9a4u0WgGrwV9jG0WiD7AOnQbaIE0uCUHBUCkXDudNxCnOqVuqz07K57edTEkKyK2sU0gbjqH74N8xR+3r7QT+yCanW/DsFMb1uTwzRpXPv5difWFImMz6smleqNZGbtcqVMnffY9ZXkJhkQL9nqlumzwSELTshEMqsoXWKJKYkhk/iSj12MzL0ozSNYWHkzuid/A6b7JgCnhWhKWyBgvUpiaMGGpdSR0KxJnQiGz6N/5asYrv0zXPEtdP155JLE1RY1ACoIFFkv9VavdLgavPTnGFoJZA7QbvsuSiANTsFRIhCaHnWMo26RJ1XoEjWufk9hKa4SqangglnHGWo5kJ2gi3Ns1zazjUzPDR+/dxZKzFZnw1Tf0nmUhEUK+GiFZJWiMd9jfxBadOl7U0+rZFdHl6NXLMK0XoXl4+9F6/h7gM7rEN0JlIZuqJ6E1S06cGEhKfvaPhxoWWwhDp5A78LnMFr7J7TLn6EdBnC+g8isrswnAqlSgveWrm8E8X0MqgSyD5AO3fplCfYAACAASURBVCZKIA1OyZEiEHFNVWDJw3iKhchLCKL+ML3HHCL62m/42iMJa1vK004vVH34nQbH9MH24/3aLX1rjxPemaC1az/2el+Dqda/VaAkZskik9hLLQOfLLnINGCJI/XhsxYG4SQK9yosnnw/uic/ALRfCY8llEI43KcNF3M4JjZgiBhKOMusuHPwa1/Exrm/het/F914ERlrQ3gKLqJwRSIQtUBueFnqBvtDQAlkfzjNtdXRIRCp064EEYUxEm+MPT01eSTRxLpeZHsx3o74whjRqRjENavyzhjH9DRMr/43SuTd/vk2ztpVQr7eYrKlCEFWr4lrbnLu24waJhhUlSEVcoKVRIbqTDLBk2nObRjRyEpBcZNHDJBjI9wD030US6c+jNbK24D8QXFFRWltyJgK90nCi2k6SCJriKPHMTj3Dxhd/iK68Snkhm6vlOBQiqeRyQ+Hz/6o42SedTUmtUu2gaSaYRMnEVbeh9Wzf4zSPArrjonVxUojKebU121DQAmkQeiPFIFUEuXidpGeIGkt3PlknhwRlWEy7oc+na5UE8yEdCZCgNv33m7y7PQ7zUsgdMXtNGl2uqi2x3LSUz9ThysrrHbJieuO8u3VN5DfDJ5TeyrFP+TFpAIbqirzhFktuWVFXJEBcab7loglrRCHkT2O9fIB5IvvxtI9H0B75c2IOCkV/1KsKKcYJY2YqcJF2YczlC15AcXlL2Pzhf+Fdvwh2uYcLIaSGceMLqnQqdOxG7z2Zx9aXVizY3b791ACaXAOjhqByNM0M62majdk8RQWYftaZhexN0gimKysA+27gXzDQESDM7Nz6L38aNstniipzHWWGTsCtoDYkmA2FXFTeiyfjCk4uTM4z6fpKYtGUnM5fuoNkoiGwofMcMvhfQseqxi5s8hW3oaF+z4E0/k1eH9MnsqdHaIoe1JgaPMAH0dyLrkZwPSfxMYLf4G49QVk5U/QoZyJ8fAM3osWVt30agcOUlszXYBZE/qtEM9SArmFF/yBHUoJ5MCgvHago0Ug6YmXi2AtO+7EGKEbplKfZc2CCxWBBGQi917HSdKT915OqZ3WzE6n1PU+l22ndriZsWQdn7aspkM/cpBUOCiaWGwry4ZZ4rIiFSTyEPtGXFaVbMtOaa368woMycaq/mafEMcKfpaQmBaK7BTKzuvQPfVB5Md/BzE8hIAOrCsQwhAIGUxWoKArCwtJVHH0DIYX/xaDy5+DHf0Ai1kPNowQIivTrUjO1HbiNq+hEkiDq8HRHFoJpMF5PVoEkjKouDBKSR37WXDhrNJTa3agq8bTZcPOelOpr9Mx7Rry/ca5a6fXQcTM9xrreucimVRTle4k0YktMbE0apFJGUs2mDzpT9tb8qxdeaHq33SrRamvoTXjQbmYYA0Kt4S+eQT5ym9g9d5PAPnrEMJxKf8XTxbJzo5QSiykixalZMJLwOZj2Dr3Nyg3v43FbB227CHGEUzmRA5TCaTBG/8uGloJpMHJPjoEwta16TGafnT+cBHkosofFspN/P0sOkx900kiu8pLNYh5E0NL5lJkrKN25fB7VQHx2nqoGCWFJqrCwWma2eElq3ERa0ZOmlIjSfbFxlGqfM+AobHYCieBzq/hxH2fhFt+F6J/ED4swLlc3FJwQxRSbtihahZcvAz4b6H//N9geOUr6JiLsOUaDIsLcyf5cUogTVwpd9+YSiANzvmRIpBqmasJhE/MdN1Itgx7VshjdSIZeapmPGTuMEddEzJZ6K6tVK9rR6b99LvZKDyJ6W13s0Fu9Hmytlh9XzOiEXJkw6ZKrLCuYokOIbalYpyNfsfW1nUIJDkH2dmR2mG03AawLCN3QGGBXljAyL0Gi8c/hKXTvwXY1yCUlIZvoWT6rxuCHWfYpyQPBrll5tUTKF/6J2xefAxu9DTyeAUOQ2kvnJII6mLPqRtAXVgNrgZHc2glkAbn9UgRSCVC6I2BpFrKwzirmqOIBgqBVK/aRVOnsM4Gce0SqoMae5HCfj6fJoubc5jJXEotR2oMJo48yotUVpZYEnRzxY5IuFszkgV7P7LpKSuLVeotxBBE7JCFhkIgkV1VOuiHB2G7b8fpBz8KdH8NsbwfcIui2Jt6iHixLGwIaJkejHkKYe1LWH/pnxC2foiuvYQWa0boGlMCme2S1K33REAJpMGL4+gQCJ/AxdkOL0FYSnCwjkE0XqVdqmTv1EHhSnCRyrvjJ/AdOO+V95TC0de+bmflAq0pyaAS8qhJhC4sBrJLtt4QTvHeIdANZWiBsBUt3Ur7yfCqia4muTJ1fJTqDoblFzGIZ+Ddq3H8gQ8hO/4eRP8Ioggu0qJIjaeShDxTiAdw9hxi/9tYf+kfMLz6NSzZ8+hgAO8L2UctkAZv/LtoaCWQBif7SBGIpAmxaRQtED71ctFi2mnqtZ3UZoEyUJajI4tti+KztatEUoB3z8KSeAqXtInpMhFurJdgysBXBMW1nKfDh3RZnnfUpEyk4auSxr22rbKjbjSWtCRmXEeK1ujGIokk1szEIGGv2CDWQ2qrnsQK7QwdFjleSvNNemGpvpHNudhDpIshjqN0D2H53veider9CPHVCDgN4zLZr+4cQkRMLJCZy4ijJ7B58XPoX/pXLOJpdMIAwY8QnRJIg7f9XTW0EkiD032UCGRc6yHNpZKOk6kIRNZwCxTBYhiWUGIVxnQRfQ+2agVrRXZjO4HsjHBIRz9Z1NO20587O8npmi4DTI60ayMk02nAu/29n8/HDrAqqyxlTKW6Df6MK9L9EI7143aEzA7gTDlWLU5uvGvtkNpRN0mjTa4o4WnhJgbt2UiqDR9zjMwChvYUumfehe6Z30Z0b0IZ75NOkKnDI8+WJEcCYTSEwom/QP/y57B1/nNolz/GgmcmViF1IGqBNHjj30VDK4E0ONlHiUBSdDxVO6QnZbqvUldCyc5Chr5fxMjcA9s5C9c6geir1rf1RtdgvT0ukQyM3V1YYde+tQ1O3tTQdSOp2pWVstAyxJgjtxls2UcWrgDliwjFc8jsmtgqKV6SCERess4zXTdZKPJT60uaCM9YxhgSSrZTdbclYovettE3y8iPvw2L930MaP0HlPGBpK1FMpPxy2TvSfiE2D+LwdrnsP7iX6I1/D6WSCqVlLwSyK25do76UZRAGpzho0QgUvkgmVd04STJjqS2m/qh0/LohZNwS69F9+SbYBcfgrHswT1R6k0xkuulZnGFvVbZV9bE25gPLE/44n8rEQ17jJMSqMPEWAdTmDdhRi8gSk+Or8OEp5GbAo4dC/mN64DGJEg0JhDxBFYvyr/XJJVwzkTFVywLl6GHLuLiW7H0wB/CdT8oBEJ3VZJB4fnx3Kp6EqGVF9Bf/ztcfeFP0R58G6voS0Mvth1WAmnwxr+LhlYCaXCyjw6BJP98XfuR6iK4qienFBfSYTiBvnkIndPvQPfetwPtX5FeFuznvZ00rkcg06q+OyamcoU1OF17D03hQmqzM+sqG4j1xb6AbNTk+P38BuCfATa/gsH5f0Y5eBw5rsCGZFHI4i6GVdKhon4ViUPiJFMx9tKmVr1Bep6n2hNqalH+HZnFhm+h7LwVqw/9V+SLn0AZ7wVimQo6pRE9JVQYS2IXSBLISxhufA5r5/4/tPvfxFLYlHP3liStaby35Vo6YgdVAmlwQo8UgYiMSb3gMV2U3pNq9TNtDMIq+uYsOqffj+69HwDyVwNUUWVqqmHMoHblSBuk2ulyDfq+cu9MjlX7fiYr7U4K2m+e07xTLYt8XdTCf1BXqoqHiDJu6WHCizC9r2B47s9R9L+QCGSsvUjg0vcXD5WQQt1Xvu5UmOozGKwPVftcEgMz3MQCscBWzDDK3ozVh/4PtJb/QAjExCGVuGBMVhEIid4hBgdnLmK0+Rg2XvpTZP2vYsGfh2EPd7dfKZN5EZtnvxQpUjXeebC7ffsogTSI/dEhEHEiVUgx3ye1s2VqLwPp7PU9Qhc9nEXr1O9g4fTHEN1rYcwSonHSvpXlcZXDi8sdnASJuaDyyTmNz//4bF8LW9VEsZMwbjWBSGtaIRFqXyUWpXyISLagi+Aj8rABN/wqrj75f6Ed/wkts4XoMxiSp1gW7GleSaBQ5kWw47g1gaRctCRIWYlxiQVC7vFSMFi4BQzcG7D8wB8hX/4UAhgDYVyDqcP8ScWNQlRsYBWvoOh9HZsv/hnc6ItwxS8kMy5lkyUUt2lh1XGZbffEbikATdw0SiBNoNr0mEogDSJ8lAhkIjDIRTPJeiS7ItUsDE0bvfgw2qc+goXTHwfcG4G4mrawKe2WT9EM96aE4CpvV9JXmT1UuVQkZjCZlHH9x7Z+HNXnU9s1a4Wk9FpmRdXte6MdopTiva4EufOwiXz4VVz+xf+JTvxHtEIPpsyFXPmFpKd8TSAi+V4TSPou6VpJNJrkTVK8KaUtePgQMcoWMbCvx9ID/xmtlU/Cx4dgTF/6YiQC4b50f1FKnvtehe99Exsv/rkQiC2eRIvpyFMdJG9MIMkCav6lBNI8xgd/BCWQg8d0POJdRSBooYeH0T75USzc83HAvgUIq/Cs2eBTb1pH03o6fqitCuBE9sQnX36VHitxg2nDZ5pVGpyzXYfm+cmin6TbufgHFEIgIyQ13jxcRd7/Gi4+9d/QCv+MdtxA5nOxQPjFxQIZW3GJQCQpuPYCJrMhtaESAiFJp8ZUJBBWpJduGT3zOiw/+J/QXvk4fHwYhvLtIHm4ikBSTUoinyvw/W9i69yfwwz+DW70JHJHIpvEmpRAbvXFdLSOpwTS4HzeLQTCJ+chCSSeRefUx7BwzyeA7C0IfiUVB1Y5q9XD+LiZkkBPcjFJioPWBjOKJnpTlf1xA/OiWesjnV8hacts/pRSZkkopJWC78WAPFyB7X8NF57+E7TC59EJV5B7B9a/JALhc3ztxJu4jupCS7FCKooRZd6qURXJw5qIIrDPyip67o1YfuAP0V79KDzOVllY0wTCSkaJzMDE8/D9r2HrxT+HHX4Vbvg0cpc0s+qXEkiDC8BdMLQSSIOTfFcRSMyTC+v0R7F47yeB7E3wYSm5Z6QPeO11d0kzKq2YVZYSP6TvPjKiMvbPM1YyXuj2mKemySMZQTy3RCCMN4gFYrgQM67Bd5lVdQmm/w1cfOZPkfkvoRUuoOWDiBfSmkoRnrS4T78mqQV0WiULhDUmbOvKmg3LYk32WYnAyJ5B374eKw/+AVqrH4LHQ5W1wViLQ6SbTI6R7CSDF1FusTshYyDfQD56EbmbprH9xEB4turCanCZuKOHVgJpcPruNgLZogVy+mOJQPI3oEQuyyYTXsWWoC9L6hqqzKzKbSNd/ExfFuVC0oWl3G6cqZUMmN2UeVPVXVqTtxclTlbq+v35P08V91TWTQTCA45b+1KNmLTnLwK97+Lys38F47+VCITpt5XrTs5zj2LI9P34rWmhkEaEkhIGhtLuJBCLkb0XA/smLD/4+2itfgAeD4qmI2MgQlIiqpjk5EWtJD6PcusxbLzwZ8gG30GruIw886jKDRNq1xDabpU6SiANLhN39NBKIA1O311BIKx+DoB3XWyFB5Gd+DCW7/99xPy1KKUnOmXNa7l3uk5aolhbegPr6J7ZgsE6YPoAtqaedmvfV7IBUth9pxhKbaGkDKbtpHGjbW/0eb2y8hgkj7S4p/OYOpacpgeKC8CVb6N36UsYDR9HC2vIJ8Eeucqma+wnuU3p3USYPI4RNV+xQMR9NUouPyYp+DPAwjuxeP/vwi6/C8E8JOnFksJL64USKmK5MFuMfz+DcuOfsP78nyEbPo5lM4L3PQTxYFW0qwTS4Apw9IdWAmlwju9uAnkdSnSqThcMkFeLPAUCDRshlbC2h3LwLMqtJ5H5lxD8uri76tc2URNpv3edybpefeJNzzHJo3q6r+MHdWV8Qfn1Aqa8ijD4JYrRT4HwLBwl2cfV8ymWM32KtdWURE2qyn5x4JFA2kIgdOs5jJJbK3bRKx6EXXkXFh/4XZjFR+HN/ZKum6yzEtFSu5fBdxIIrbqnUW7+HdZf+Ayy/uNYjnS5DeHZi1gJ5KavCh2AeR9Bwpz6agCBu5pAsjeixLIsiBlbtMoTPFN2+Rc99axfOI/+le9i6/w3kI1+DlteBUUT65ThafdK1X5k2yzVTqla5XfaZth5Ud/IgTU98M5tqcZbd1lMloPUkMt55uLWGsEFptNehrGXhBjlQ3ZqTPXnE+HF+kBCLiwerN4wXlrZJgLppEA35VAMe4oApV9Er3wE7ZMfwMIDH0HokKDPwFFwUVKAKbNCAkoEwq6GMD9HsfZZbJ77a7j+j7BEF6It4WVbtUAauOXvuiGVQBqc8rueQOKx5PSptLOSTAcXTT4pb8KGX6J38YvYevFf0S2fQCtuwIpSbKWwO8UCbpc03nqhv1E/wZv9nPL1qUI8tetNFgP7wbMin41AqEc1ksXeZLQYqqoWaRJVJaGJaGJtU02UhVNzJ74CnCkkAB7iQkUgwzGBFH4Fg/JVWLz3w8jv+yDK/OUocRK5EEjqTUKdLonThBzWDBDjT9C7+D8xuPx3aA1/hu4og8uohcVtlUAavPXvmqGVQBqc6rudQEI8lqIXNYHQESQNqWiRXEEefob++c+jOPePWAlPAOYqysCMp0mDj7S88p1JDKR+L0UOKroZL8R1PORGMY79fy5CjhV5CIlUp0cXVS5P/IxfTMStWFhY1YNXqcm16u7uBJKiPTWBWITYnbJA+vLtC38MZXwDlh78XZjT70dpH0TASWTsTSIZbCSu2gLJYTFE8I/j0gt/Amw9hiX/LFwvIs8cSqsE0uBtf1cNrQTS4HQfaQJhpQHlOHYNon8KMXsDApbT0j8WXXQozYRAWv5JlOf/BeW5z2Fh9EPAXkHRToV043hBZYWkKML2fKvxO7LxXk6q3SZ4etsbfW5Y3yckKMWAIgUysSocrYoUpEAMrPegmygTkgyMjUhKLQmEbqwJgSSbg2SUakT4r4xV/ZUFItXipoC1fakcH4WTgHsrFs5+HDj+HhTsBWKOI5Od6ZIaIAiB5BIXcaYHP/w2zj3z39Aqv4JVcx5Yj8jyDN6Oqg6L12Zc7YzV1NZRg7dJNXRyDqoWVvNIH+QRlEAOEs0dYx0tAknV1FzouOjJwkgXDd1SIcC7JWyFB5Cd+BCW7/8EkL8eHiuSW2QD60CycftVLpw29pDFX2J04W8xPPc3WBz9DMasochTxUT9GocIprCtl//0e54Q3uwRd1HFHVeJp5OpIiHpHySQqpUv9b+kOFKq65P1YUMlhV8vl5RVt3SNVZX6oo8FIQRTtGE9q2BKIBuhtC30431wi+/G4v0fBxbegeDPVJXxbFw4hDfDqjtLjoz9QMJ5lFf/BWsX/l+44jvo2jVg2BFLx1i63HbHbXdkNI23wWXijh5aCaTB6Tu6BFItinSfkFBChHfLKY335G9h+YGPA1lNIK5S7s2qqnOmpdLtwyylpzC8+Jfon/8LdEfPIDNbEmuoixP2X6MwywInUZkZZ52WwiRzad87V+rF8pVoVqX82cQ3LqBkUR9DKC6RCNf0ljfIihyuZNZZYEsQ9OwShvkr0Dnx21g49SEp0kS5WvX15bBDFHaIgiKXyNGOBVz5C/hzn8Vg/a+B8kdwki69iujZ7nZvAtn9u82C777R2bGhWiDzInc791MCaRD9u5dAfg/I3gAvLqxsG4HAjBD2JJCedOWbjUAmFRX7n8rdux5ef/9ZFlESTnrCF30vWmri+5o837NqvHSVLDwFDiWuksF66molqXdaNMPYxpa5F275rVi+90Nwi78G2JcBcRkgyYgFU2JoRlJ3k8WAVliHK3+C/nOfgd/4R2T2acS4JerIlr1IoASy/2tFt7weAkogDV4fSiB3K4HUqb5J3Su1ra10W2q3mxTm0x2YRBRFDLHsIIZS+qqz59MoOPTDGQztq7Fw+jewfN9vIppHEM1xAN2keVV1PWQInb3OcwyR+edhet/C+rN/hdj/KrrZecTIboSdJHESk2Lv/l+zkOf+R92+pVog8yJ3O/dTAmkQfSWQu5dAMJZMn7I6kvMq9URnHKlS302B6wwoF+D9AKbVE9fVIHQxNK+B6bwDS6c+gPaJX4cHFY5bVfW5Ry5B9xYKiUcBud2AKZ/A6MK/YPP8PyIrn0DHXQXCEM5Rjp7nMCshzLr9PDeVEsg8qN3ufZRAGpwBJZCjQyBSazHTKzVtqh1sksElGVcBhkkFVWJycnPRQnGA7yLGIUKrjzK32PSngNY70Dn22+isvhuu83IUInNCbxhtiRK5HIDSMNS/inD2RWDwdVx98a8RNr6JTngBGTZgYwmXZdLUaje1q4Nz380E0tTGSiDzInc791MCaRB9JZD9E0hn9DQy00uFejMVud2aGMhsBDJJhk0y7nQvpfqRpMTI3DQSB1OhGSNhqjCDGewfXyC0S/TMonR4zJd+E4snPohW903w9iSCodAiGYfdCylXSaHHDkLBFrasWv8JwuZjuPLi38CNfowu1mA9q+Q9XGZEVysdfZZMtFnJc56bSglkHtRu9z5KIA3OgBLI3gTCJrgmPIXRpc+g99JfoDOsCIQ6TTMRSIMTODX0zoyw/R01Va/X9SNj2RKJXSRxRWntS8kT1pCw6UeeYeTa6BkKJ74RS6d+B/nS2wBzVkQog01KvdIUijF0twXL9rUkIHMFcfBNDC79HfprX0A7Po88DKQOh31FmFZcyzYqgexvBnWr6yOgBNLgFaIEcnQIpHb8TP/mpbNb+eKkPoWLdrrAxvWG/DdV3mUjI2q60qjKsHo8R7+w6JnjcMuvw9KpdyFbeSfgXg5EBs5F11iskNRVkMolfVhfJCXf8Cz81S9g8+LfA8UP0MIl5My6quMeopWVdH+VQBq88e+ioZVAGpxsJZCjQyCzO3HoZpp0ILzWY5TqUWLIEYND4G+ziEE4jth9BEun3472qXcA7pVAPAYEKhsn1xhr1qX9FFN/LS2MHoy5Amx9H72X/hGDjS+hbZ5DHreSi0ysE57PSAmkwfv9bhxaCaTBWVcCORoEkurvZ3xor64rqfwWp1P1Ym9zD+lkCJPDZAuIpoVR2UHfn0G+/KtYOvFmtI69CbH1MgAnAWZdsRFX5bYicXhJ/eW41O1dA/yT8Jcew+aFx2DLHyPHRWSRUir55MAVgSTnmcZAGrz175qhlUAanGolkFtBILMshFOr+AzzLjXo0pZ2/6/kJmKsI8UfRA9MBqDZ4BBijiIyBN4GXBchOwGz8FbkK4+is/pGxPxlKHEcATlsdHBiSSTdLC+S7L3kwaKcoz+HcuMb6F38e/itb6Fjn4NjMaHEpdkVkueSFHtThYoSyP5nUre8HgJKIA1eH0og+yCQi59B7/yNg+i7ifxtX9CTKq686oh3HYDY9m+OVDmkxqJa16eGRCAMXFdkdU2Qv96/Hjst0BIvMdT94k+QYkLGLsrgEN0yithFgSW0l06jffyVsKv/AcheA7gHUeI0SjArSzqPwIVYEQgzugqUZkviHi0WBQ6exMaFxzC4ysD5T9GxF+DCEJbHAS0QurtY4U8ZfeqSKYE0eNvfVUMrgTQ43Uog+yeQLrOw0EOgmCIbK1FY0HLRrgrvRA2XCzIdQhVP8GlcJAT5X4d+IUQUyKyXQju6fdiZI8aiavDUlpa6AaMpbavpMPh0SnClgshDRQcb84qXKoeW4UIcYRkNpztpLFOSwuxBsp5YMJgC3z5wEc8QTI4yW0G/WEU092Fx5fVYOvFamKVXAu4sCpxEAOtBcvmuyWbh+EzXTd9cuqcH2iaX4OK/Y3Thq9i68j2E4gnk8Rw6dgsukLBIFGx3W/VwpzijdHacx2pr8EapvpWq8TaN8cGPrwRy8JiOR7ybCaSWc2fAV1JW6cOXB9+khSVpvD6l8VJMUdJ4dyGQJJNeWxbySD+po2bpBAUHRfG3K+lNhrUQVMKVtKeFavEkgTBLiU/0bSETFvQlRthBGmNH1YRAZCEW/a7KwpDYQ3oFnwLldAuNG9fyHG0ptR8xtFGGBZRhEdGuItgVoHUKnaWXYWH1NbCdVwD2AYl1eLeC0qSYBa8drvVpqSdJkhBoRUyiFyY+g3DpMxhc+ToGvV8iMy+hZa7AUkyRp8/0YKogyyAekTpjiU1mjIE0eJOMh9Y6kFuB8kEfQwnkoBGdGk8JZFkyhpojkLS8Bs9qvRxWakgG0jK3DC2EwKf8HBCBxr44gyQmUHU9rFbTa0lkZ9EHe4lPEYssv+z7wdW8knC31B5hcylpRWtRUNzQAs6cRObuRZY9ANd6EDa/B27xfrj8FMAfHEdk61/DLCtaK8nVlGo2qkZa0QqJiqR8xjhGD6FYQxw+gd4L/xNF74eI4Ty6rQ3kpgfjSTYkkNTeNoVeaBExjZevecQkG7xREqtpP5CmIW5gfCWQBkCth1QCaZpAksKtLyvF24xP/UmVlu1ei/J+eLMkRRfGkUC4SGUoCy729VP4xAKJY7mSKfdVWtYkhkAHWQpAp0WYZBHZ1ta2kGVd+WllHbisDbQWYFrLyLMTsNkZWHsaJjsJ2FVExjZsF8YswKONgJbEV3KxMkpAOgammo3kmssRS342BPI1ID6PwdpP0bv6TWDzy7DhOWR2E5nrwXpSdhUzpzzKNgLhd0ijHr6XEsjhm5Mbn5ESyI0xmnsLJZDmCYQaUr5kPIKNAEuQPrxdheu+Ft3ldyCYexGyTkUgpaTCOrOYUmInTF9ZMr7SitoZVKf7h24wCcIIibBpVOorksGiBecWYFwHoGChzQGzAFhaFkuVci6FDOlCcyjYP4XjuBxGCCSdSyuMUkEgRRYZPxGLiQRCnSy64C4DeApx8DjWr3wbW2vfxZJ5Fi23joykEwqEkoKKKSwDug1JcpXLLvWiT83ADt9LCeTwzcmNz0gJcOfH2wAAIABJREFU5MYYzb2FEkjTBJLaxDIMIa2arMeQi3P+EFqrv4HOfR8H8ArArQJ2IK1f5RE8aajvmNcIBAardysZ5HsMQHM3rs78owpQU3ed7iupt0gLNj+LcPDWSYW5dPcQDaoUK5GQjqE6FW0a9jRnTIj2zCh1IRTXGN/L0mIv5LEO+KcQNr+O3tqXMRh8H1l4AS0M4CjhbhOJ8vSFjkQ+nudDsqP7irIqrEmppOUPnRWiBDL3QnMbd1QCaRB8JZCDIxBmJNVlFPUSL1lZDC97PnVb+OhRmByFexm6Jz+C1pk/BOKrEOwijK2C0BKCZ5yB8ZKaRJLA4e4vLsQSaKmC7nUUuyYR7sXYRYp9yG8hEAbqk4bJzpGDD3Auya9LcLuiFjkzSRqwyKxDTisk9IF4GRg+hcHVb8NvfhN+8D1JQGDfkEzUEaNIo4iBJOtwCvpLKrGEaUh+qffIuDeJEkiDd/7dM7QSSINzrQRysARSP1hvIxBmPPmA3GSS2urdAvrmESze83G0Tv8n+PgKlJauIvYbT0t7YEW2uIiSJZIW8GQf7FahLVlYktFUpcOKf0jOphK1SuTG53shC/bmYBhlt/EiksuN9SE2wEmAv5Qg/YAuLptLBpUFW/6uw+ESUPwCw8vfQe/SN2H9k+jgHFy8CioETxcFpth/XeORyJGWRyKQpAasBNLgDX8XDq0E0uCkK4E0TyDyhB1Y3VERiF1C357Fwr2/i/aZP8AIr4IHO/ExuFzCSYVGEhiZDiYnEqlTcXdeFA61SPAkA7bqkV41hWK9yuRFeXbWoUxybtnCli8u4F6ypCIc13jJt2XdC8mvg1H0yGIPmV2Hic+i3HgcvavfwWjjBzCjp9ExG+iaApYWEQlrOiV3Kq4zSVNO7quK0apkJ03jbfC2v6uGVgJpcLqVQG4BgbAtrI/ooCOxkGCX0TMPoXvfR9C655MYgZIgy8gwQo5CxAW9acEzvpCW9MoCmQqq7wgyyzpf2Sapd3ltqESpQ9nZ4Y8WC4P7YqjI4l0i2pRCS7sHnum+WYrF0IrgNo4SvX2EuAaU54HyWZS9J9C78l34wU+QxZfQiuvS/4OyJqJxJXGVWrCRsZjKLhJ+qM6ryh4be6wOZQ1IZc3x2xiqDVtkzG5jYajJsMniypX3YfXsH6M0j8K6Y1W8iCnKEv3S121CQAmkQeCVQJolEOm14bzEvjuxi1BkUqgnBHL/h9C65+MY4WF4LIn1kXOx9hbB5rJQpSf4uqZjx4WwM3BRGROJO5LL61p1rLoHOn9XEW1xH7HynQt9Crx7b1OAXNb5IQyLHJlm7J8DyudQbv0C/as/QrH1E2ThReTmMvLYg7MB0ZMYLFPOwLRjw6ytym2WHHR1sWNyqiW/WyJKiYsIa86uLdzgbVINrUH05jE++CMogRw8puMRlUCaJ5CQVQQS2sCoi2COo2ceQef+D6J93++hwFmUWJTWr45rOdfxdoA3xUTbik/044D6tHunKlSUxC1aECmLqV6AJUYudfAs2KP7i+tzCqIncknWgTSUksW9XuC51xAGjHGcR4GX4MsXka0/j/LKL9DbfBJ5OIeuW4MtrsKUAzibJRFGBsMd3V383oz9pOyryryRtrljU4QNp2RdThlZqSo9WUTjbRq8/mcbWglkNrwOx9ZKIA3OgxLIvATCdNpYaWHxTy6/KaMoLdlpUZYlOgvwEej4LlC0EM0q+uLC+ijyez8Fb+jCaiGjGGFpKgJhQLmPgKIqDnRwyFNbWXlYT4u/tKMVS4VHnSy62xKAKTlSpecKcdRaU7JI1+6llLGVtvQwsQfvXwJwDjE+i63iSWxeeRL+3NPolqzp2ETbbaKFHpwv0zk7SrBQS8sjZgVKV6IoIjo0KioC2WZXVCfJDsGpAp8EklJ6t/UpafD6n21oJZDZ8DocWyuBNDgPSiA3IBC2tL040cJy6MG7ACPt+uq4r6QzAdSBkoVaAguJSIzByFE+EeiGVaBIPvORuQ9L930C5vQfAeYVKE1L3EiOsQdfuXEyVntvibAiM5ksLZiSjMFYxECqwcH4ikm1FONk3GtiCIkUklVS/3CRZkHgSEQQxU8mtRx9IGygGF5AHDyH/tbTGAyehfcXYMM6Fk0PGV1aEuYv0m+JkaSMLonWSFZxnVJcZXrtlYE8sYV3ZJfdcIcG74q9hlYCuQ2g3/QhlUBuGsK9B1ACuTGBFBf/Er3zf47u6BnYuLWDQNIzu7jvZVFNIoO1+4WL6chJiR86/gRCSRkQg5G9D0v3/D7sqf+SCMSxJ8YmqFflfDsFr+nKyQaAWUdRXkQsNpD5TdhyCwBlT/ikbxBcEiN0VawhPe1PbBAWBVLkMMRSVH+j/KaY4xCRlsZohFAUiMUAsdgEyg2E8ioMq8rDFRhchXPDlM47Lk9JZFEVvosFxu+c1Hgn3z9deYdR12qem0oJZB7Ubvc+SiANzoASyO4EwswZE0cw4SlME4jDFkoW/I0tkCrmIEWENYFwwipZcwMRLCyjRTsehy8LBGcxsg9g8Z5PIT/1XxHpwmLAmfEGps5SobfMEYoI5EME8xLW1r+Lravfgy2fRuavwHpaAXRzObYshzcjkQoRhdwdizazulIxICs5kusrdR33sKFEKe0H+beHjZQSGWKhxbgF+3lsioVSecngpV8IJefJg1XarxhbHDl1H1QC0SysBpesmYdWApkZsv3voASyF4HQHz+ECU+juPQZ9F5KFghdWCV7eUzVTCQLZCeBpDngoippn8EitysoygI+y9C3D2H5nt9H59QfIeBhFBWBZBjCxQ6MX0akd8kWsO5FXF3/Es6/9Lcwo8exYM8jDwVa7CcitSUlyjiCm37Qr+ot6iB6pY6VihMrd5NjlhU1rNhJkLlXzqYxYkAo+kIGRjK0EsFIoZ9tiUZW+nLpiTzVl6RxlUA0jXf/q8+t2VIJpEGclUD2JhD2A4FYICkGklxYm5UFMim6ux6BCIWQQLxB5hYxDAUK18bQPiwE0j31nxHiwygtpUb6QlAMlyMsA6UTl5N1F1GWP8Dapb/DcPOryMon0So30DFAbhi691L4Rwn4dFapylx4jRZDdf2w62CyQBK1MWOKRX6SamtssihEdiQ1xZIixqnNJbYhfFOn3abt0/5pzIkoyrQbS11YDd7COvQNEFACafASUQLZD4H8JfrjGAgJhBZIvUBX0YY9LJB66kIwsFkHg1BgRCKxj2DlzCexcOo/IsaXSdEgs4+M6ckiXMYMGTqI3sNiHcadRxh8G1sXv4hy87swg2fQ8mtoM/BOWmBSWMY4Sm0dTNWw10WHVay/DvCzbzlTbiXNt1IXCSGC5+pccnJJeWJMHQsTpSSJFSGnpPI1JiRxYW2LfdefKYE0eAvr0Eogt+8aUALZK4jOrKaicmElAmFHQsZAvBRr1Ivo1NyN6yym55OLe4qZMPLgnUWffcbdy7F04iNYpJiifyWQLVLKCj4ysymgrHptsKLbkXwig+bngdFP0H/pC1i/8EUsuufRYcvYYkRjQsZm1lf9qoyCbUHsiUw6xaxYfZ6+h4j/VuUY43+LoZHSa9lvnbIn/BZ129ptPa0q7a3tBHL7rutmjqxB9GZwbXZUtUAaxFcJZA4Cyfaqt6gL9XZOWEqdZSKtzxyGkXpSD6K7+l4s3/sJIHs9EM4k6ZLcoYxeighBWROWAIY2Mqb2hgKILyH2v43elX9AsfE15OEX6PgNCYqXVGynVTB2MaXzSGdVJ4ZV6cfSc6PO1apUecV3NUUmMirdXLQgUo2IrYoVxQKprY2xcGNVFNjg9Xp7h1YCub34z3d0JZD5cNvXXkogsxLIJvyYQHb0zdvNAhFhKtZtBBTkkcyiRBv94iTyzhuxfPJ9cKtvB+wjiOY4TLaEoWdqLms/SCAmBdWpuyTahEwDfhqh/xg2L/49wtZ30C7PSVZWzKoIB1V0p1xJqYhwZ2G3QeZbMJ6sUzNJ3YO9TgpIZEPro9bjYjfF1Mp2N01gJRDVwtrXsnNLN1ICaRBuJZAZCcRsVi6s5N8XGfX6NU0g02KHLLW2EQU1ojI2e8rRGy7A2AeRd1+HhVNvhz3+NsA+jBhPoRDJdC7SpUQh2E1QenYwzsFj2stw8Ucot76M/sV/Q7n2I2ThMjKXCvsmou0ppVYskiqgPn2uFAMU40GyqHheO1in3rh6n5+WjtXvkwSC2sapN1UXlmZhNbhczTW0EshcsO1vJyWQpghkQiyB6bCMUbDiW/JkM4xGbOO6Ao970F1+Izr3vhdYehQxPgSP45UrKoi0e6pStChZ8yEU0kPO2Id/EsWVr2Dr/Ndhhj9DGxdgzbCSIqkk2BNDyMWQ6kGmg+wM2lO2vd6iSrNKdkciiin3lMimTMVJJnwz+a5KIEog+1t5bt1WSiANYq0EMiOBoHJhVQvrpOo7LfI7+3nLUzuzkzLJrZKV2pEI2LDJdVCERRTuLGz3LVg4/ZvIVt4Kb87AhAUZj8V+Euw2pVSzl8zWAjO0IvJwAaZ4EvHqdzC89EVg8B04uyYtZ2U/lEmGXfijllep3FLcwrI3e9Vmtramqi6Bk0uuFjZM70xrbG0LotdqW9uysBq8cG/L0BoDuS2w3+RBlUBuEsDr7a4EshuBFAiyeNdZWH+VsrAGT8OZDXjRqNpRByJB6fpJvF6k05JLq8FY1mZwsa778zEDyqKI7DJ+CsN4Fu3VX8fimbfDdV+LGH4VBTKREDFmAC801EJAV3qbix0T+3DmKjB8AeXaNzC6/PcoBz+WDoHtbBMZg+5UcaxJgeKO0vWP/SyomjstplhfJazAr2miZoOp2EjVxXA7eYx9XYeuCe3B3jpKIAeL560ZTQmkQZyVQEggToLONuRVt9VpAnkGxaW/Qv+llMZr7XoikKq9LPerl1tb9RYf197JB6m0jhlMLvA4qXaCAfJAC0D+WkBwZ+DtWXSXXoX2md8A2h/GIB6DsRswZliJtC/BRBIIs6EoJUJLY4TgKcL4CxRX/gFbV76Cov8jLLgXsWAGMCPpcZtIRLreGpTGwNtMZEucpA3PYjZMucEavC4P59BKIIdzXq5/VkogDc6aEsgsBPIMrF3blUCS77+WVZ8q4DYp/ZUfu8BF28JStdeMpAMgHU3DYOE6J9EfnYDHGaycehva93wKwTEzK0dgHYbtgE1xRW0qMssqILNMsqVrijR0Dhh9H8Xa93D5xa/DlD/BSuuyiC9m7GYlcQ7Wc2QplmJYWzKSJlb62i8CSiD7ReowbacE0uBsKIHcPIFMrJDpwHmaNKbASuaUtHglgfA3pT9GEtugEOJIqsjbKOIxlGEVMXsYC2fej+7qr8G2XokYTgNYgrdUg6d8OxV1IzLDcLyFk7Raqua+iDh8Fr2LP8DWlW/Alj9Exz2PNkYprZe6V6EDTwkTVr2jgFMCmeHuUgKZAaxDs6kSSINToQQyP4GM4xljN9buBFIl38KIBZIqKrh4MzDOCnD+0NNksgUYt4qtwQJC9+VYPfludJZ/A7CvA8xpWf+9oTgj4yFJXIQEkgLmAxj0gLgOjF7A1sUvY/3S55Hh39F1bDfrpdeI9e1UXV6JJKa0X33tDwElkP3hdLi2UgJpcD6UQOYjENZOVHKD44ruOohep7umaWOXwrpmhAq/dB3xXcqhkAiS3FRJF5NlI6kuRj7DCAvIOm/A0vJvIlt+L5C/BsgX4S3TeZkYTBqQRrUiLUJBQ+paMSbicBWh/+/YuvgY+utfgos/RxvryH1AJrIoKT1XpBWn06oavM6OxtBKIHfiPCqBNDhrSiCzEQjTZL2r28ymSvRaEmSaQDhlFW2IpSEy6kzzpRtLNKW4iJci985BbOYwKj2K0iJrtUXxtz88iXb3bVg8/TuwK28HsgcRsCTZWXRnOSro0g4J6VgFm0pFj5x9Rex5hP4PsPHiYxhsfBsdPI8WrqAVB7KNxEQYVD8yzZ4avEnGQyuB3AqUD/oYSiAHjejUeEogexGIS2m88RmU4yysZ2ANCWRU9SlPBCIWxVQQPcU+EsjSbqoiEOGMyDRZEkld+V0r1tbqt4yZREQ7QCGaWffBdd+KxTO/CbucqtXLsIzoclgKNDJN11vYlnTLleZPOfrIsA6UDKw/hY3nv4gw/D6s/xm69hLYc4SMkywlt4coyV4X3bau5g1emYdxaCWQwzgrNzonJZAbIXQTnyuB3ByBiNRItaaSFMbK6VMEIk2ZplNlpS6jrrdgim0lcCh1JKl7YGDL2sygsF0M8YCQyMKJD8ItPgq4BxFtt1r82Q+dcusplsL+IZkZwlGM0Q+A4jLC1k8wuvxv6G98CTl+gba5CktZFSr3Op7LLC8lEGkQZiwoBWND6nG/iZMIK++DamHNci3dmm2VQBrEWQlkNgJxZg1lZYEwiD2xPia6WFJ2sYNA6lqL9AzLV5JJH1sjQihpolNge4hgPTvbouc7GIWzWFh5PxZPvBd28fVA6wyCbyGiLXET6eGRAYENqMwoOaZISJ6qvucRLn8Fvcufhx98D1l4VmTpc2G+WWpAJo65Bi/JQzy0WiCHeHL2PDUlkAZnTQlkPgJJhHBjAiGTSNMlBq1ZCV53DJdes0kXiyRiKWwo85ykRUxmUJYDeBdQugwDv4rgXoXu8tuwePIdMMuvB+IJxLgAz8ZT0SJzWS0an2IjQlIMdmwCg58jbH4HvatfQX/re8jxEjp2Cxnb9s5EImqBqAXS4ILUwNBKIA2AWg+pBNI0gXAhT0/5DKYnKZGEvlgpVTxESEQyu5LcCdBBiFXKrosobBvDeAzISSK/js6Jd8F1XgVYFh/mUmRoIn+nwsXAoH31LxsGQLgCFE+h3PoWNi5/BaPBv6MbXsICtmYgEHGUNXg1Hvah1QI57DO02/kpgTQ4a3czgSB7AzymtbAo95GC3mMtrJikTAbn/wyd4VNw2BAXVt2WqXZhpX4bkxjIhCAmGlmsPI+Mb1ShjtoaYac/yacSWXVp24TRKEO7tQgfPUa+j5gbKTYc+FMozSuxsPpuLJ96J0z3ZQhYAMwigqc7q4XI7yAjSd16anlb9mCpmxWfRLnxdVy+8EVk/R9jKVwEO5RUuu61fVS52JI4ZHJzsXq+dnndrbm/SiANLkWNDa0E0hi09NunFCLWEHjJyGFwsPLD24BAjSgWqPknMHz20yiufBYteyllFk13pZs6x907YDf/5Mon9yRyyJqIlBllGWfgv0OEd8vYCg8iO/lbWH7g91ATSEQugXCxFLj4Ru5BS2AIGy+guPwX6J3/NLqDXyLPBhhJX/AU7k7SJFxmrVSHj2XQBY/deoInQcNJ5IFuJu49WZRTmWEGYxxcIAkkHV5+Ic86kXgKZfZqtFbeju6Zd8N0fgW+OIZoV8BASGXvyOLPHiJO5pDn0gPsSwCexfqV78Cf/0e0Nr8DyjlmrYCh70n8pdMByhEDKh2xalhbAtdPBDIJ4sxwVWpP9BnA0k0PGAElkAMGdHo4JZBlxNhKwXBmLjEzKVJzin0yBrDxMorL/xO98/9dLJDckUAK2SzVgJBAUsRhO4Ek8qiJLNHDbgvpzvcqqUXH8YCcPahigI0MhqewSWEWMbIPwLdeh+7qO9E69ihi65Xw4RTgOuPCRQuSQDIghBcpnGjXYcwaiuJpxEufR7z0RQz7T8Nma7BuA8GnGpGWyWFiR0QYLdN+3SAxshIINAbS4ILUwNBKIA2AWg+pBHJ4CYRskYUIJ+KJtEC8EJK3OQpzClv+fpj2a3Ds1FuRr7wF0b0acCtSe+LpEjOtVOZeEYj0VEcP1vYBbAK9JxAvfx1rl7+K0v8EnfZFuDhCGES0XQ4TWOc+aUw1a75Wg5ftbRpaXVi3CfibOqwSyE3Bd/2dlUAOH4HQhUXJdRErETcc/2L3QGpnRXgWEJoF9P1xBNyH7tLL0Fp6FK1jHwBa9wKmg8AgPNoSAQnRwIlLr0QsR8ilR7sHwlVg8FP0r34BG2tfhAs/xYJdR+ZLOIY8qqC+pCWL7q+DEeHG5t2RDV7yNzG0EshNgHfbdlUCaRB6JZDDSiDJ5ZXUe+kr46LNLK46CE9KYZB9GcAqkL8OS6c/Brv0K0Cb6r0npflUgRwFa0QofSI9SSiqyCp4C1i67M4jDr6LjYufx+DKl5D7p7BkN5CFURUfq71WuRTP1T3XG7wkD/HQSiCHeHL2PDUlkAZnTQnkMBIIkxpSnUnqJljFSSQNuISnZUD9LOsQfYYQWvD2EYTOO7F06q1wK68G8kcAnJZmVWWVS8UE34wBexoREQhZRGE2kMfzQP+H6F34VxRXvoROYLX6WlL5lX5UVvqHMPh/tHue3+hGUwK5EUKH8XMlkAZnRQnkBgSCyyguMYj+J+iMfonc9DEy7DW+M4ieavYmWVjzB9ElAVeEFhl6zxCrlrQpw4yrvxfrwDGbS5LouMCfwiZejs7KG7Fw+m0wS28BzIMI8bhYIeOssRDZhkSC/qPcY2D6yDFCu7wAbD2O0YXHMFr7Ctp4GnnWQwzsPcLCRjquohQ8bu+Mvp+L86hET5RA9jPbh20bJZAGZ0QJZC8CYRh6CMMsrIt/it6FT6M7Yh3IFgrLeAQzm1KNB71L033E61RiTts8WVg1gYgBUulmJdHDOnWYWVn/P3vv/SbFlWWLrohIU5YqKLywEggkhBDImxatbvmW6ZbvGfXcme6ennvfT/PuT++9P+O97465PTN37rTTtIS8962WRRICCSsEAuFRQQHl0oR539r7nMzIqiyqElUgKEX2R1epMvJkxD7n7HW2W1tD5Vp4GMF3m1Bwu1B25qKl43Lku64DmthH5ByUoxZEbkbYewUN/BCe42EwU8AgCshELpr9IrJRN3DiIwweegPlwY+R8fbBwTF4YrKoK0vrVRpNy50oMZMUQBJURYkNnQJIYqJN60BYSFg/jfcMABBTViiZVEJLQhZfmxDMNGPbnCpE4IYoeRmUwqkohQvR0nkNWqdfC7QsRRR0IvTa4Dg5qVeR+pAoQD+KKDtlAZB86CDH2p7iAUS9n6D/yJsY7H8XGW83mnMFBGWCFvkd2cKq0VcKII1KLL1+/CSQAsj4yXLYSKkFciYCCC2XWqJDBQ4lJ7G/K/micQ+5ZYQeiwFZaDgTUXYJmidfjqauS+HkFmhHQ7QgIuWJk0VAmhQm/AoeERwYH6E1RQbfffD7PsSJI6+gOPAhmjKHkXdKcNiQSvsZNvhKAaRBgaWXj6MEUgAZR2EOHSoFkDMQQKQSXvuFSOdCqeqwLw2sM63W2h/EFofV4ggQ0L2Um4wBUp54C9DWdRmap1wKZBciwnSEUZtQwZN8kQDEKvUIZQQEhopbjr1EdmHw2Ls4dvhNuOXNaM8eg+v3SjKvVrU38mr0+kbGPp3Xpi6s0ynt8fquFEDGS5J1xkkB5EwEEKpoEiMy26qsja2spSEGB/8roxXRhpRRFHtY1v/OZDEYtWAwmgontwStU65E86TL4DUtRoipiJxJCCMPHoPpxCdS2WRI9RIgoqUBVuD3wC19hdLRdSgc/zO80kZkon3SzbChGIhYUimAJLiF06FHkUAKIAkukRRA2lHlwgoN54d0GTdB9G4TRP8dmou74TkD8KV+ohpEF8p205VQQxSW76PKyTV2KhPlKyGASIDcIXgwETeWySRWAzOvPKnN4DsEkAwLDcMIZWbfZj2E7mT0FafAzS1F58xrkZ18OeCdi8iZhVKUQyaAgIh0J8wAQTZE2RlAiAIQldDklOH5+1A8+Dr6ul9G3t2KfHjMcHNl9D4N91h1iWqWlqT7Triiw9QCSVAVJTZ0CiCJiTYNoisbb1YrvpmiKmy8Zane1pa2e1HqJpnif6KluAcZt08BRF6WaVfjEwIildiFkjra6xpLfR3KdiuNcasvIY1Up5am+moXQxYZ2v9i69wozEq/kMjpQsmdj6aZ18ObuhqBsxTFaDoymQhe6BM5pFJdeLbYSlfYvghKGTRhANnSFhSOvo6B7hfREnyKnDMoY9OKCehiy9CUiYS40Qmb4LJtr7i6YvxZdddw49GUBLfCGIZOAWQMQjrjLkkBJMEp+S5bIFFmOcIaOveM1uw5pVo69+7HMXDoUTSXvkLG6YMvx3Yt9JPe5hW1XYlKxMCDIGLVeiMTWY/JV0FrGBhJf3ULIAbIpEEVUSGDMGpBgfGP5uXITV+N3LTV8KO58CWgrozCwtjrstbdRymMELpNQOgh77KKZD/C4iYEJ95GYf+zyAR7hZaetCaOW0ZEEkrJ7/LghFlhFyaQSlyGP+uWgZyKTBqRXxLXpgCShFSTHjMFkAQlnAJIvB/I2QwgVNTsekgAMd1KRHG7CEIXvtOF/ugcuO0r0DlnNZzWCxBgBkpoA9gGF4Ey8CID38/BdZsQ0sXlRXDcHoDV6uXPUdr/CoIT6zFY2oOM14N8rgjHZ/91B64w+KovTynrVeGaSE1sFZ+N4FF1TaZsvAkqpASGTgEkAaHaIVMAmRgAotTyVNxxZxcZEQMBkNBtRQlTUcQsOC2LMGX25UDrFfCd+VLbHkU+sk4OGTQDfg4IcxVDJ3AH4bv9cJ0eZAufwz/0Dnp63oETfYFWZmeVSb5I6HERseiQdCsOU5E1U8yNtODx7H+lFsjZOIcpgCQ4aymATBwAYVMsKmxWv4eMSTD4bppA+axo99pR8Dsw6E/CpKlL0TztFrit1yByJ6McsciwCRknK5XqTsDujAoAgROgmKGVUkATjiI6sR59R/+EUv+H8Mq7kfNPIB8F8Bg0pzvLZeMrRmWYScZ+IkOSAM5aMEkBJEFVlNjQKYAkJtrvdhB9IsVApMSQpoSc/NkzRHuwMwaR9YBSkVZGBvBa4YckWOxAtuN7aJnxIzhtyxGG0+GjFS6TCEL2QyTdOwGE2VwuSq6PAEXkMIhscADB4Ab0f/1nFHvWoSU8KDTwTtSnrMGupg9C9a7QAAAgAElEQVQQQFivIlT0w0DjbEztTQEkQVWU2NApgCQm2hRARg6iU/GV4IS7UT7yBAYPP4YmpvGiFwHzX8+wILoCiPTllZ7rPpW4BLKVRUv4uoQIkUo9Dz9qQiFcgPzk69E050ZE+YtRjqYhdNkCmFUmRThBWQaL3Jz8PSAbLwbh4Si88BDCE5vQe+BtRH0foyWzDzn3KALfV6b4jIdy6MEPAmS9jGS5VTo2muw0p250/VSTDhLcJJWhUwA5HVIe7+9IAWS8JRoPZ36He6Kf3AI52wCEhYSGAVgAhK4sJvmSgp3puoxFmCp21o5EOZSiKYgy5yI39Wp4065HlF+BIqayokRqTzJRERkpEsnL9XRLld0+eBhEjlZF+RDCYx9hoPs1hMV1yGIvnHBAEtm4rFzXheMq+aKCh33RvUYaFcLeUEskBZAEt/t3cugUQBKc9jQGMlIM5GwEEKbyMgWXSVEaC2FGlvQAEeNE/FoSaBdoifIohC0o52ejddb3kJnyAwTeJShFs4S/3UNRqN5dxjJKTSA+FfMDkuacDbPwUIDjf4XgxJ/Qe+QNBIObkXN64EVFeGEJrhRB8n+MhVTBQ38zlZfyu+X9siBzpmZppRZIgqoosaFTAElMtKkLa+K4sGhpEEDIzKtxEKlUEb4rD25oa1YUYAg0fsAAeRblbA5Rfj6auq5HvvN2RN5KBFEXsQYOytpS128SF5ifKyJkzUk5Ay/ykcn2Af5mFI59gMFjH8Hv34Zs2I0WWipRP/xyiEw2b2pXLECYn1J0mQJIgts7HVrct+RnSF+JSCC1QCaKBWLTeAOhdhdvFYsEQ8BjUaHp4aF/J8iQ8iQDL9MEZEvoK3lwc+ejc/rdcCfdjMg5H4E7WeIeDl1ZoQvXYWg9hOOyOJGRFdKnkMSxG/B3oHh8HY4d/BOcvk1o87rR7JxAyPJ0lynB2s/EuqzovWIxYgogiWzrdNCYBFIASXA5fHcB5G5EmYsQYpKEmZXKRAsJSSjIRk4nD6LrpJwZleiWSsVB5JJ/i61vtYyPz8UqcwsgDKzTOmGMJHLaTNHgCWQ8B4VyG9zcKrR23QZv8k0IMuchcEkBX4CL4ywxhBNNhR/kpN7D4RgSI/GRcXrgFLehcPQNlHreRqawBU1RN1yXDMGazqt8LBro5yfls9adVXFjiVRPoethgpukMnTqwjodUh7v70gBZLwlGkfnCRlEZ0tYVZoM4JJyIwx56m5DfzQHmSk3o332T4DMcgQOK7GV2txhmqu4f6oA4ka7Ue6OZWHRLZPjOVwbLLFDnxz1YypPlSOL+gzISNfARicxHg+If3YoT5bVwbZvun536CqFiPyVc8xnpNomgPCWJSLSinKRlsEA8s0uBn0HhWgqvNbL0DrjDmTbrgG8+fApTHdQ3FlO1IHQJ4ljGY7HOIpmdnlk8Y0OwS1vRPnE2ygeeQfOwDY0ub1AQJ6sCG6G8qXVwXa9JJC3HRcJMASWoiKegPkIzzmiGBu9vtH5EEHKv7QS/VRk9+19JgWQBGU/sSyQii4XKj8GkEVtCkttiMBrRX9IALkV7bPvBTIXIYpaRZkqia4CSEAAgQePAWSm8RoAaSnsBpx++FmendmXnB36+D0REJI5t6rELM26AouCTbKv2lM7QcTejWZAUQ4VRNPgdpDVgkHWjXgllN0IRTeHkjMD2dar0D71VnitVyLCTMDJCmhGEelOKFel8SWAkFNLKFTcAjwcglPYgOLRt1Do+QBecRda0AcEvJ4t3i1/VoCIAX2w6j0vwAZnUN+n10vaBDcisdNBzJgCSCMzcqZcmwJIgjMxsQFE7IMYgLSgP5xbAyAhWpX8bwiA0K2VqQMgjgWQSP33YwMQTaVN/lVfiRJA4uCmoMbMLI/IYQAkgO+G4toqOu0ohHPQ1H4VOmf8AG7LCiCYIqSMIZoFLDyHVe5FaY0bCIBk4TikUzwBWm0ofoZi91r0d7+P5nAX8pkSisWCXJ/Pk3CRnPO0FAm1rjAJK/27viToX8tBnLz4Rv2GFEBGFdEZeEEKIAlOSgogrRUq9rgFUg9Amgu7QQAJaIHEAMQNI6lzGGqBCCapejxNXFCNncLp4pPYiKT2qtvLl1oPF4VoEsLMPDS1X4b2zuvg5pchwjwJrLM80XMDuO6g0KUwXhSgSVrleoyThEfgOPuBvs9RPPIuSsffRNY5jChiEWIJHvuI+CE88bGxWt6vZI0xtVjlZYs1E1z8DQ+dAkjDIjsDPpACSIKTkALI2AGEleguqgASd2GNBCB62j8zAYQuJOFzZ/xHIyQS2GZnQt9luWALijgHrW3XYdKUH8JpugyBu0AaWZH3ynULANgFMYMgyku9h7idggIyjH2EPUBxE4pfP41C7yeIov3IeX1wy2V4IS08Wj8EEDbo0qB/GDXJamcjrUq/9wTXf2NDpwDSmLzOjKtTAElwHr7rABLQhWWbQcWC6LRA4jGQgcOPSUdCAkiUqVogHnk7yILLWokaJtyq+lMeqG/PhWUto3g1OH9nMNhmRNFl5FWi/oyHAEUXKIRNiLyL0D5pNZo7bwDaroCPTu2fbjKnQhYmSt8RT+L17NhOLniXbi73MKITb2Lw6JvoJ/litAN5DKKZ0Sk/o/QqDtOO9Z/ArfoTE1z1pzp0CiCnKrlv83MpgCQo/RRAWsWnr0HbahaW9Ax3NIheOvIEBEAK5MIaDiBUxvznDQGQ6rSdGQAiQCeZT/ozcMlzxQwxH5nQQSbIKIEis9acMspZwMkBfcWpiHABOqb9AJmZtyJ058BBK5yoRWhO+NLO5xrDcFwPAbkYA6ApGwGlrQgG3sXx7pcRFN9FS+ZrZIMiPBL3hixQzJoYSAmRNGmPd1pMcPE3PHQKIA2L7Az4QAogCU7CdwJAUBbnTAlNKDgL4HbehPZZ9yLKLkcZLSb4y5TfjLhSmMZbAZBgF4pHHkf/4TUCIBlnQGsgYlmj8qucwqsNZuMZRIwvnJ4T9dhjIAIgjiMFhcyjyoTsTMvG6HQh0a01KKSRvhchYHMpZyZK0QLkZv0AzZMvg5c5FwhmAZikWcL8lMf6k6JkwIUgf5aLDC0Svw/AToSD76G350Whgc9FB5ENAjRFGThBi1pwno8Qg0xoExBqrA3w6WD3TQEkQVWU2NApgCQm2olGZTI0jddkYZ0EQIpsoARX6AM9FrwJHXpR03idMtxgFwaPPo6Bw2uEjTcXDUhdiSns1plRBBFXVrUnecz+OIMBhISLAiCMZwcenKAZYEElXUpeAaHrizsrcppQQhcGc0vQOvVqtHVeBcddDoSzJP1Z5MFe8U6/oXJvEhAhgWOW/UWc40C4A37/O+g/9gaKAx+hCd3gVU45BydwSBwPOAWtoREAaeSVAkgj0vouXZsCSIKz/V23QARAHJ6U4wBCJZapARCxQIq7kY0G4DLdVIrxzEtQg8gzHECIHVIV3lhRwynOeGMWiJynhbE30KJIZmUFdEnZynG6sooCIoHDDK0cToRdyLatwKSu65Frvw5wlgJhByJSldAn5TAzS1N7A7RIBbrnk/KE9R+sB/kCxeN/xvGjryEqbUIePWKJsM18VuJI2sOk4TrCYay+pyjCk34stUCSkGrSY6YAkqCEv/MA4jKITr5ZB56cvOnCYvclNmhlPxC1QAgg1gIhgDD+zJdpAlgXQKS6ndecgQBiq6r1CcR8iBXuER09+acA40tsgjUbZVbzh9PhNV+CSYyJTLoccOYCUasUG7KNFIPgDKz7Ek4nTUyIKAyRZazJ7UVY3IrCiffR0/0mPH8HcuERNEUF5CNfruU9saNiY6/UAmlMXt+dq1MASXCuv+sAUnLbRHlK7z0DIPTjU3m6pO4YCUCMr2okANH2smc2gLBCXvqosxqcPTuE5kRTakMp5GMjqLzUbTDVNkIRkZdFv9+CAWcevEmXoX36dci1LoeDOXCiTuP+4nDM8uI/pWoPIlbjR8hzqOgo4O/Cie53UOr9WFJ9m3AY+bAPmYA0J7SMTIrxmNa+JACP6cpvdlFqgXwz+X07n04BJEG5TyQAsWISxlmpLmdgnAV+5K5iEL0Zg1iITMeNaJ/9YyB7EUpOG20PsRSETJFXOkU4Di2QonQkLBx5Cn2Hn0SuvAv5iA2VTBCdJ22LEnVcWNZrdSa6sKjUGeoWAGHDKLaOYkGfVxI+KqVIcyVLymVsiClVKCEMfSDfhhNhJ05Es9HcdTk6uq5BrukiuJgLBJMMDTATuljZXkYABsd9KRCkmyzjhPCiPkTlL1E48mcMHH0TueBzNOEQMgHBm71MGgiii6BtT5EEN0vKhZWkcBMbOwWQxEQ7cYLoejbUU6vyQLFeWov46E9nZlDR6UApXIiWztVomf5DIH8horBLc1XFZOAnGK8gHxPdVANA6UuUjryK3u5X4ZS2o8Vjn4ui1EGwvkIcLaTkMI6g+FRVwx6nKwbS2EKp1KeIq4puLMYeLJ0IZcE+IqQdoTLXWAkBJHIz8DMtGAzbUXJmoq3zUrROvgpO0zLAmQ84HdKQSuVeFI4sdffRpZUTfjJpRhXsQ1TYjOLXf0b52IfIh7uQc44jChl3MQSVJrtNxTyckkXNPJvllrQVklogja2wM+PqFEASnIeJYoHIGbSSWsv2rVQ2dsMDZcdDOSKAzEHrpMvROvUKoHkx4MwwADLUDcJK6D5gcAfKR9ei/9haINgp7LJuUNY+4yaXt7Zda73JOl1pvI0ulPh92fwxE9yRtCor0GpwnjL1w7Io+MjNo+i3wc0uRFPHKuQmrQJalgAeZZoXEGGlOsJeUyCYRUCwZixEKOJ7gHAfwu51KB56H27hC+RxVFOBJQnLEkCqRXRyAKnyaDUqhbFfnwLI2GV15lyZAkiCczFRAEQtBw280k2iFO00E9R95TsefKcVhaADmdy5aJm0BG7TOQjdSQBTRkkzTiuEvFBk8eVH/QGEg/tRHtgGv7gdnrMfWVZXswCO5+jvHIBEcDIRinQzsRI968IP8igHU+Bl5iHfvBhey0IgM1kdZGTozZD1l+m5jLF4iKQPCel2i3CjE3BxFOj7EqWjnwPFA8gzU4tBdwb2+XmhWqkWQA4lhaxujaStD7GBUjr3BHVRUkOnAJKUZMX6197UzLAJ5FztSlGZkNmxOZH0lBgAgi0o7vkNyj1PIeceUQ4j6z0Ycn/1k0mT3uCsHTBptAwABzk4xvVClxTfC90cCmEWQdQBJ9MFJ9OBEik4RFfRZaWn2CjwkHHovgmAci8QfQ3X/Rqe06/5SgFP0N53AEDsxOqMSizHc+BH2rfDZe8USblqRhh2IAg74bqdgMfCQ+ZjkXHXhRvk9POkypd/ROASMm4ZGacfjt8Lp3wcmWgA2ciXdGjtYJgCSIJb/zszdAogCU71RAIQ23TDEQDJC0WGumHKkoZKncTq63Kk5H+hk0dREJL1B8w+0r4dylKbhSttXKkoi3DdfkR0x7CymuM73yUAUVeWYIXHeAmbQZWlxwqDPxmxFPIIgxwCVrN7HhyPVgSvcZAN2yQGxQp+6ZjosmLdh8ufDMpHPLpEyPBrfHKgAJ4pJEwtkAQ3/3dk6BRAEpzoiQQgWrOgms4J8yarihhiKMPZBEm8WwwfZ4RFthzQV0Vq8bIUCGrYhJ9nZlYOrstGSrTQmF5KAGHRnZ6MJ44Lq57NaDstVjlb6FaKHLaz5d9KQMjOjZqe6xJQpXWtsCwKTTtBghgTlRiIV9eVI6SJavV6GVezvYjsEiyneMnNxfG0iCYFkAQ3/3dk6BRAEpzoiQQg1SC6CyckOYkDh4VpBAbWOLBvB5WS6Esyx3oIQuYEKXMslVYloUfJnSTAzvNxtcMgAcRcOyFiIOKIrLPCTFDdMvSK999FSNp26WkeqNzcUJQ+W9aKsnetheJr01rHWGwmJ05xweTH0fpjNMljgi8ND31HWXm1H4hkuplmXAo2I22GRgsPT2VTpTGQU5Hat/2ZFEASnIGJAiCSuCtptUQHVSaayst/VeWicXZWWWe00lqSSgPhg2LP72ofWKUnoZUSglYI+4BTwfG3kvwc++tMzcIa7Qlq2+RKUnSkNTNVmSro2ga6zM6ixWbp2flTMuKkzoZWSkZcg9rIysyVoAor2G0veYJ+I/Id7TnG6/0UQMZLkqdznBRAEpT2hAIQMG2USonKiPUKkg2goRGDIbRMQOpEsVCsAiubEzVTd001CJN/tNeS+u8FSLQwUQrwGupXcbYCyNCFZxpjablM9WVSfgmwoWO6hDBeInxhtNZCLbNhQF0AxICI6cMiqb7SmVCtDlqSVVaxBBd/w0OnANKwyM6AD6QAkuAkTBQA0dOxARCCh/xj5lVV2fHkq+DBU7ThfjKd7xQQbFOjqlenhtTPUPBKmnBDrwkCICZ2YR99qJGgFqADhpVIRWItNoEUIwLXcGwJcaO4s0z7WumJrqiklw61fhoSeEIXpwCSkGATHTYFkATFO3EAhF4PAgMVj8n2kfRkY1Mo37gGyE2LWcsFpe1UTedyUYJKi6GFiPqS7CwtOlcXWN24wUgTdbYCSO19i0VmsVPi4IwxqTytSVKx2qwVwUZbRiwmP8Fw7utMVZ1f6gqzozUm3wQ3SM3QKYCcLkmP5/ekADKe0hwy1kQBEPGxB7azkWp7PQVrnMPGRiT4y6B6xWuvoKBNkLJ6rWg2vc6tUJ3rAVlVCAPFI0Zz68zW2Qggw++ZclHrgkkKdEfxH+MaGvSmvOJAItAthh0tQ/4HU3hDqQWJxeblI1KzQwJLIW7k/Gid0dhfjczH2EetvTIFkFOV3Lf5uRRAEpT+hAIQZvVIZo/pEGirnwUulOtJwUPTeY1Oq8Q5CCB0cSlBojZaElJySVWtToJwOk14ABkexOYz+/LcdD9pHIMpzZYny2GVfkRXVGzBSiDEAAgzthxfAIR/rrgHJW06oy2FhUa/DIeMyA3FmRp1K57KpkoB5FSk9m1/JgWQBGdgogCIPe1qDlBVmShJYPyl/SaskqtmEFnHVsxHI6rSuLMqyixuuyQ4MWfo0NZFpQHxGFJICrTlsI+Bj8Q6rFWnf5cMLVOYaGDc+MYk8dq4xNIsrDN0CZx1t5UCSIJTNpEAJEExpUOnEki5sM7SNZACSIITlwJIgsJNh55gEkhdWGfjhKYAkuCspQCSoHDToSeYBFIAORsnNAWQBGctBZAEhZsOPcEkkALI2TihKYAkOGspgCQo3HToCSaBFEDOxglNASTBWUsBJEHhpkNPMAmkAHI2TmgKIAnOWgogCQo3HXqCSSAFkLNxQlMASXDWUgBJULjp0BNMAimAnI0TmgJIgrOWAkiCwk2HnmASSAHkbJzQFEASnLUUQBIUbjr0BJNACiBn44SmAJLgrKUAkqBw06EnmARSADkbJzQFkARnLQWQBIWbDj3BJJACyNk4oSmAJDhrKYAkKNx06AkmgRRAzsYJTQEkwVlLASRB4aZDTzAJpAByNk5oCiAJzloKIAkKNx16gkkgBZCzcUJTAElw1lIASVC46dATTAIpgJyNE5oCSIKzlgJIgsJNh55gEkgB5Gyc0BRAEpy1FEASFG469ASTQAogZ+OEpgCS4KylAJKgcNOhJ5gEUgA5Gyc0BZAEZy0FkASFmw49wSSQAsjZOKEpgCQ4aymAJCjcdOgJJoEUQM7GCU0BJMFZSwEkQeGmQ08wCaQAcjZOaAogCc5aCiAJCjcdeoJJIAWQs3FCUwBJcNYsgAROiBAeHLjwQsCJAvCXMAJcDADBFhT3/gblnqeQdY/AgS935XBPDXm5de83TPAp0qFTCZwuCYQIHAeh4yATenBDIEIGfc5UhJNWo2Pez+A7l8L1psBDCQ48ROCOcE7XDabfM0QCKYAkuCQsgPhOiGgEAHEwACfagsE9MQCJynBjm0J+jxRN7FaJg0vkEEBSEElwKtOhE5UAV7Wu7MANETpAJnDhRh6iqAl9mIqw43p0zHsIvnspXHcavCiEw33Fj0X2WFUdp/Z265zEEn2e787gKYAkOtfWLFcLxIMrp6q4BQIMwI22oG/vb+D3PIWc0w0n8gVu7MuCiQCSeaUAkujEpYOfdgl4CiBeYADEgRtmEIUt6MM0hJ3XoWPeAwZApqsl7/qQw1PEz1rwMPuGW6WyhVIASWo6UwBJSrIybuMAkkc33MiH4zQKIIk+SDp4KoGEJWAtkAChSwskBZCEBT4uw6cAMi5iHGmQbw4gtDQqYBJFI3h7U/dVotOYDn4aJEArIkLg+kMApFVdWJ3XomPeg/DdVXDdGakFchpmZCxfkQLIWKR0ytd8MwCxbioLIFGkIcPhrxRATnmK0g+eIRIwLiy3XAWQIIsoIoB0Iey8xsRAUgA5QyZMbiMFkERn49QAxAtrXVhxALG3GweSUILo6SuVwNkrAQbM+QoIIAyihw7cIIcoYgzEAoiNgcxMLZAzZKpTAEl0IhoDkKDnKTRFR+BGZb0rEwchgND6iL/iiYtRvXzfRJ8rHTyVwPhKwAmZKuIg8AggETKhC1cskBiAzH8AoXsZIkxHRrZHkAbRx3caGh4tBZCGRdbIBxoAkD2/AQGk2T0KNygpYLhuJf4xFEAauYv02lQCZ7oEnEhzDesBSC+6ENGFNf9+OJkrUfYnI+e6jJjUAIjjxGpC0iys0zLlKYAkKuaTAIgbIJQtY9J49zCN90m0OD1wQwUQxwCIjDLEApH8d/NKDZBEJzEd/DRIwImYuE4LpDjMAqkFkCtQDjqRc1hEyDqQahpvCiCnYaKGfEUKIInKfHQAidAPL9qKvjoA4hoAYYQjBZBEJyod/FuWAKvKnagBAKEFEhFAokodSAogp38SUwBJVOYjA0jkBmBSrgBIuAW9e3+D4OhTaHV7Ki4ssUBcNTXCKNKqkpS1IdEZSwf/diTAIHoNgAQZLSSMmlG1QO6Fk7lKLZAUQL6diUotkNMp95MAiOML5w+iAXjRFvQaC6TNPTZmAJGwusPK9hRVTuespt81/hJwQ+PCcunCCpEJRwMQJpZYKhOtRE8tkPGfl9FGTC2Q0ST0jd63AMISKVf4rZTKhH8vSb47oj640Rc4tucxFI6+iDbvKDLBoImB2E2hFohQYhkrRCx3898KH+b/I0fMehsX0d/1Pf7g7zZrS38PY+/zWnfU9zm4xCjtd5nBT2Ws2ntJ/r7lxkVWNqutFnxVRqNZetW06dr4Uy0Xk5X9d1neY10njH9EkYtQsrBCEFBogYRRCwYxBW7HZZgy70442VXwgw5knEzVIhcurOpeqSVXTGlMvpEKG+XDKYAkKF2qWSoPXcKuKFyXOCB/YKpuAXB7US7uQk/3egz2bkZz8BWyUQ/CkGRxRvGL+0rTSiSl16pAKjuyl/JacYcBbkQ2UwUFudYAiN4DnWa8Tv/L/s6f+u4o71fGqv18Zaw4WHGsGFgRvSoAI89V/7v0rqjAzefH+b5VxQ8HEHUnRmDcSWiSPT0R+76PXD4vP32/LJnVnueCnkXKXa6tvGr5mOR5k5Q359F8PeXlxsHffO9oc5uUvIXbUw44el+yJs3/ag41Zh3QGg8cF4FQL3ABMEieFQDxg0nomLIMHVNWINO0CMAUAC2IHGZiVQ8AVfqfmiqpITu8filugmpgQg+dAkiC08t8dmaK6BInuyhBxHyhWCEFwBsAwiMoFA/CLx9BDr3IRAUl3yVAyMnMKGwqN/sy7xkkqPsU8rEh2VsJPu6woW38Ztgb1Hvf5n3VPZS61bTpSJj6RDkTJNxMBiHBw3Xkz0SRKCwj9AO4AjR2Ti2pHy8igaakPyQq8pFkLPJN9qtP+lwj31f9NWmtacpNDGYCNBgDyaFcyiCfn45sfhYcZwoQtgFRHkTxkCcy84rzx418cymAjOeCTAFkPKU5ZCy1PgggxnoQAFHFpIqfioqWSC/g9AFRCUAGYZhVoKHCsqSKJoget0BsoSFC0sWbIW2g3XBoWWuF78Z/r+i8GGnpqbwff+Rh32XuWR71JPc12r2cyn2d9LnrKlYx5xAEgdLFEKxpxcnN8yitii0IfTEhPce4TAg2lQfgJ00tAueeVtTQNTHe8rYytq63mDI91bkfF3kPnfvR7ouWnBwqArMvKGezciKWDeYBNAFRC4AcosBBRPCgTzgFkAS12MmHTgEkUdGLCaAbQmIGnvYuiCsw+b0MuAW5zney8JERACFYsAmVOgIk612BRf5e2TbDHDLV4a3jS6+1iqEGbOootEbfrwDEkLEY86k3VtUhVxuJGEnhjed9m5y2GrL8qiRdlMMQGdeTmFMQBfDcjFgSlLvreAjE9RgoNX/FTWQlwOfVOeNsyXwNibbUe8ZvIm9L9T9URrpmqtGAscpwvNZJvbm3q3DofQnshh68wEhLDlZsqsafoVoaAjAeHI97w0MQ8L0KWYPurxiD9cjbOrVAxlPlpQAyntKsO5YBEbuZTcDP+ogrP+XEqh3Z+M9uMoWP4dZDHEJsTCPxR5kgX1BPhWgMBEYxOTh4+DB27NiBUqkk8Y+21lact+g8TJ3aBY/p1QbSJTFiaC+KSnuvuqbOBJHi+D6GR4AWtulqwod+g4JIxY0rPsQQARtKmeLD1AIZ37loZLQUQBqRVqPXWheIWCFUJrREaIFUVVgYKDh4NE7MQTZiS1tupkoQXf3G6le2Z1p7/IpMmGPoOTYeLLb2yljPoaOdiYeeU4eOr++PdP62Ifvh2VBJ2yDmvrWNXbzjUOUoGwbaavjjdevw2muv4djxE4jCANOmTcNNN92IZcsvhMe4Rxjo/NhYlIxpqTT4uzk9j4sNMrK868v4ZHM/trkb29yMvE4avi+mtUsrZ7vG1R0YTwLQ7VF1CzJrK76XxmaBNLqJ0+tPJoEUQJJcHwQQk42i8Y7AfBszTOhX1zxcUWUGUyTFlz3TbW1HJXhgBjIZTMOdE1Yx6Amt+r4BrWHOJINWDTk6Ri3dbGkAACAASURBVBvLvj/0Xhr5LnvtaN/ViINmyFgVALHfZcUlkVtxPn30wVo88+yz6Dl6nEdjTJ06FXffdTdWrFohDir632uyuUSZWRAxz1+Z/NEAeaT3R5PBGSxvOSSZjCoCayWv3FgVlcYEZh7dEkKnbHqc87OMe3iSVRjPtxAAMecVldrQKFOSGzode6gEUgBJck3EAYSbyeUJSzcMe6TriVVTVqm2HP5jcUjV61VjcOjFdcoYxqJLG9HhoxksQ8cabvycufc94nxTyUlursQuCCDPPvc8eo4elb93dU3B3XffhRWrVsFloNczVoyN4cphwIxh50N4mk4hEDGaPEd7/0xYJzTjxJiIFyvxd5umaybCGoOeIUYUeGZVugXkGA7ZuasYkHT7JrmB07FHk0AKIKNJ6Ju8TwCpbHZuHPZwtn+obhAhhKNSEhChdWLSfe3eG6KEpNjNKAlb+FY5iNW79iSeofjn5bJx+q7xHKsGOOs8d0PfZQ/FNfNqHCOmpoZK//21H+DZZ59HT48CyNSuLtx11524dNVK8cm7YjJWU2VtqrYWP2hKlPI0xb7QFChaGTd033FQ+KYyGGWs8ZC3GB/DPJvG4raFrvH1La5dTYmuyGXY3uOguk/0qgwiR/uIjP1l99/YP5FeObIEUgBJcnVYAJGTmC58BRDru9XtEtmMEzn75owZn+SNfbfHrndoVc+6zfaJ8N6HH+O5Z5/D0Z6j4qrq6uoSC2TVyosFHDI2PmVcg+rOsr4VAyAVTfzdlvfoT88CWy2yrclQlL1i44f8nXvIpPkKCOal2LCxVwogjcnr5FenADKe0hw2llVVsfiH2NyMmMfUmElb1NRPborULk9yWurR31urjtmhrPl4f+0GPPvcczh69KgEyxVA7sSqlcuEc0k8WPEU3Tp66bvsXrGWxFjnkeDBTKwKghi3rlrn9jWkMDPK6V5q6JUCSEPiGuXiFEDGU5rDxtLUXDW5+TKFZiwojO0L0UV0ebg2eJ7mqic5LYw1WVdTjZIXFxaz2kJ88MGHeK4egKxaJfPpSkZc7MgsRaLWCqnyjSX5HGfy2PXaMEuPm5PWagw1Qew5q0pZQlyxWyeesjB2WaQAMnZZjX5lCiCjy+gbXGEa3lTscvXzSpKlWccRg42sOBcQsVXrjS3ySI7Plg1rFOvF8mpJlXT82tG+03BomaN61ecfz/jSAEqca2v0UsF4RHik3u5VZ7p+g62OsfdExWT/xm+sysImE8t9mXiEqH5LD0M+JdYUSEquA6bx8vMKIM/i6NEeRK4j9R8SA1l5iQAHa0HiMRA9PNvqdAMgUr/Av2msRJpM2jhyTTadpmJb6cn6qJttZzPsZLFUDybxuJXch5HpCMq6QhhpbKga91sDq12/hrK3VkCFsU1kqgENSlPy1mRkbc+sa6b6jPp+xDU8jMjSxKfsI9mwk4kDNm6rj7bOGxBAeilSAEl0EXCxxpUiFYv1tYfwXFbU2voODTo6srlGWOR1+aMchFRS0h/BePJreqjrpqwyomhN+/AqXlUGqn+0VjweAxVFWKlziCtgx5zG7d8sd5fyDzcEIKaYkkrHKvtKUFqUj1pm/GkBQO41IgliPVWiVoI99Uo1swUKclxVqpeplSgTclwRQFysXfuxuLC6jxwVWpNp06birrvuwKpLVmgOnQBIiED4sNSy1C7EVIaAH7BOhIDBzCxVpOTVYg0Jv8MqU32WUHi1tIWxgkMtgMRBtvZ3sabMeEK/Ih445V9T/a6dLXV2DQeAFEKaeZY1owCgzAfmFTPNqokf8c1i02steCtu6Vy4CEkJQ0A2KemsYeJhSWVVXRZKYOlp3X4M8IbNZt3kh0Q3bzr4GCSQAsgYhHTql9QzyY2bQ3a3MulGriscTKwByWW8avbKmL64Shei5ImGxslsZjl0G1oUVRJ6eOXGDsMAmQzz7eMvo7xFiRm1Y3LxudEr+iUGZnqqrAU9USSnEMuJ3BABZWIUkWY7GY4ql7KxbqbaQktRfnFqCzmp6jW8NaG+sC8LNhFlziJOPpdaIVR8VQB5Hl8f0RjItOkEkDux8pKL1REpVmOkylq+2JPv8QkEwiQQwRHWXj1xe8Icq7aRVd6WSdkqb1kD8hzVf4oBI5+axbox8hJDxChhC0DqNrLpxcYOMCBVAXdLGmmARRV81Y1aG4eoCLECOtX7q1X7akTFeBKM9VABewF/YzFyTVaYq22Ce+3KrBe7GtMWSS9KTAIpgCQmWnvMGqJYjQanGlF/O3VPbOOJdV+nR4dkaNkeHLH3jWtGaMhV2xgFVH0wm006FEBEsfFETN4nnhhdV0+PcqhVJc5//D2bzcq4pPbgTwKPfX84COl3N7rhhXySloAoZ/Vwh4askEBCa82e4oXrMOap4e8qz+o/3kM2m6kBZFFYFdMqFACgJSiKmDDSIIBYmQtcGrCSTF5zyA4M1UDG00OCVLEbhW1lbOVpgSS+JIUyPgYMQ5craVZoDblcQ7Z4j88hlpSuE/J68cCQy+SlANLKlN9rQT7ePkDPDaMDiAWOytoz3jOCNZ9frDF+t8i06jLl/RBYM2ZuBHi5/jLV76wXBWx0PSW6tdPBdV2GYtenr2QkMLIFYgFEvpdkcaKoI+k1YUOx9RwX4ku3dSAGo8Q1IMy9qlQ5Djfo0BN5SHcZ/y61igQInp7V9SK05QZAqLOlgVXs5KuneVUK8QBpPevDyrLRDV9pkGVO0QSMuAvKnlwtUIjorHumJkBr3Vr22aouLio3sTH4rOztYXw9Glgn265Wd3+w9mM889zzODKaBWKCFzYNuHKilrYitKYCZDMZUdR+QGVfBewMwcTWntRZgLXWxAgrNOb20XkMZO6ynifEkPxerilR2mIzKbDEX3ELtTJ3sQtqFYRdnWoZWWspEJIFlbMAi6xpc41pyVw53FgXmrWuzPXxkE0KIMlopPEeNQWQ8ZZozXgnd2FRmckG9Fz45GAS5VV1SY351qgoxN+uVo21GLhhpfmRRG4VWORkb2jmrSJx3ax8plAoCuPswEABfX39GBwsCJEgT+mtbS1oa29Gc3MzcrmcnKTVjWOD01UrquohafxsIqSG1VCFcQsR7FQ5lstlFItllMv0sQNNzXlkMgpqtJLUHaUy0JcqUCq1ctnX910H5cAHrYIM3YeMYyCEl8mIlSAA8uEQAJEYyHAXVrlUQjaXE+uoWCwpMHlZ+EEZmVxWZMR5FkBnFMlx5Bn4PfzZ39cnVl1TUxOamptBUOF4tOrE/SXPILZn3eXgm9O8uukCmS+CoF8uoX+wIJ9qbmpCJptFPptVS4XVRsZ1aeNd4iqsHBhMwNt8o6ziyqTG7sNagMaa5tg8pAwWCggdF339XEOD8Ms+iqWSWCLNLc1obW1FW2uLPLM99FBO8ThWrM1H5bmHS6Dx9TXmPZVeOCYJpAAyJjGd6kUjA4gGvNXXPVgsYcvWrdi9ezd8sRLqnb/UQhn+Mjyyxs/O96kkW1pacNGyZVK/kMtpsZVYJlTQzA4yRVr02VNvdH99BDt37sK6desFPHpPULGV4XkZ+bzjEuxCTJkyBUuXLsUFF1wgBIOZjIdslvn41UB9tQK58Q3Op6Hup2FBxXv8eC+6u49g69at2L9/Pw4dOgS/HMh3BoGPMPLR1JTHzJkzcN555+Hcc8+VgHc+31QTXP/qqz348ssvUSqXUSgX0d7ejvMXL8KsGTNVUYcKLlTCEgMxAMIgOudo+ggAQnDltOzffwBbt25Db2+fxEPonll64VKcd+5CORyIogwinDh+DJs2bZbnOXjwoChV+U7Gv/J5zJgxA+eff748y/Tp0wWs6ycIMGagOp/AeORojzzfF198gQMHDmBgYEDAJL4eFixYgCXnL8bcubPR0d4uIGXdaHx20tjXpCbbXK+K5q5dl7RUFew1lsfn+Prrbny5+yt88sl6HOk5iv7+/gqY8zo+D392dHRgyZIluGDpUkydNhVN+RyamnQd8ZUCyKnqnNP7uRRAEpX3SSwQzbWB74foLwzilVdewauvvopiiQqxWYPqZmNyo/OUGvc1V2+bGUE85fqyUdva2kR5zJk1G/fccw+WL1+GwmAR+XwOhUIBLS3NekINeJIvSprqO2+/h48++lhO0JlMVk/SjgfPy4py0owo/iyLArCuiwsvvBBXXnkl5s+fL4Bl3+O90SqgYpbzs82qivny7d/4jGLlUIHm8ij5IUq+L/f22acb8d5772Hv3j0V8FS3liqtcpnxGM1iszEaKsJly5bhmmuuwbx5c+WkWyoH2LBhA5544gl0d3cj15TFjBnT8eD992Pp+edLplTFhRUDkKdjLqyRAET9+8CmTVvw5JNPYd++/fAyOekl8tc//2tcetllCH1f5PzRRx/hxRdfFMuDKJnxMibmpNYn753/+D4B7rLLLsPVV18toEIQ4Xu0wkolH/l8FoWyj7379mPjxk1Yu3Ytjhw5gnw+X7FErOwtiNg418IF83DjjTcKUPHV0tQsQOZlHFlLasmqS1MsGknM8CTWUklMCBW4eE+Dg0UB908++QQff/wxCuWSrCF1B6qbUS1WV56NPzlfnGPO+6WXXoorr7wCC+fPRVt7u6zTfCYrLYTVStF1lFogiSqrUxo8BZBTEttYP3RyC8QGhgeKBVEsBBAqO56uubG46biBudnsKXX4N2sKqnXTUIkLgMyeLeyxK1degjItiUwGRQMgxVIR+w/sx4cffogPP/wIfb398p20UCQAKpYOraNYeqdLJVeuKDq7qbnBqbCp6HjCJVCpcud9W3rz2poTASBpEhRK3YXGZdRP3330OLZs2SL3tuvLXQKcBDW+R/cO75FWk1W2BBCN52jcwypJKuCLL74Yq1atwrkLF+DjdZ/g97//vSrooCSn+wfvvw9LlywRhSnJt6YjIV1YtEAqAOI6mD61vgtLERL4bOMmPP74E9i7dx+8bF4sPAIILTU+z5/efBMH9qtlIMFrm/El8StNXuBBgQqW803Z8Nl5SicYEqwJ0vwyJgYcPtyN7Tt34J133sMXO3bIsxM8eOLn5+364e1ZmdgDiQTdXRcrVizHzTffLFYYLUmCh6Sdx+Qo6beSomxkK9lkELcf3Yi0otat+0QAure3V64bLBXFiq62H7DxEgUiu5b5nRpohwD9smUX4Nprr8X8eXNN7EbXv03SSAFkrHrn9F2XAkiish4ZQOTEKQFVYKBYxPPPPy9WSDZH1wtPd3r64k+bKVX/VqsAYhUFf86ePRt33HY7Vq5cIaBARU2QoVvqs42fYe2HH0jDJJ72PJenPXVlUcnQR02lLZQdJkurXC6KcuGGtidHm2XD+5o3bx5++MMf4oILloolQeXA9q/WahKQiJ0hqfblfo2ioa98/4EDePe9tVi/fgP6+vok3kIlyn/sDGgD+AQ73h+tLlpSVKrW/29PujaraO7cuQJuvOeXXnoJ/QMDkuU2beZ0PCQWyBLTnpaJB64EvZmBZGMg3YaNd+ZJAIRurE8/I4A8Ke6jTK4Jfujjv/zNf0GpWMTrb7whipaxAMYj5NTf0qKWXBhVgIPPyfm2Fh5/UnnOnDlTLAae1Plc/f19YnG88dZb4uKT7okmw8tagvbkz/mibK1FK2nexuqjgl+xYgVuvPGHWLBgnlaD0KIz7XGZBMBraYFwfeRzeYmL0a3Ja9av/xTvvfc+du7cKeNbK9nNamo4YznWMhTQNOnqvCdeG1+vtDZy2QzOOecc3HLLLVi2dKmsx+ZmtrJNLZBE1dQ3GDwFkG8gvNE/ehILxJw8OcZgqYxnn30WL7/8csWFRFcUXQx5mvAmLbO+C8s4jKNIUiFZb2B9zFdcdhnOmT27kikz0D+ADZ9+irfeegv7Dx5AqcxNrL5rghV7XsyfNx/zF8zHnDlzMXnyFOSzLPICjvUcFzfF9u3bsfPLnRKXoOIUl0kYgsFkKrof/PCHwlibb8rDYZ2FURwWQAgcVB45Y2XxHqj0GRN4+ZVX8PkXOwVoBgcHRJG2tbWLS4+Kr6OzQ2I6nR2T5W9URL19J3DixHE5/fJ0T0CkErbZYXw2WiNUrHRfUdlGCCoAsuR8tUA8U5lPAGGjIgII6dy/NlxYJwMQun8+27hZLJADBw4im2+WjnkrV63CwUMH8cX2L8Qy4zN3dHZi2tQuidWcc84cTJ7UIfI4fPgwtn6+TX4eOXpU/mZTYKmteSC48847sXjRInHrvfmnP+Hrr7+Gm9EaGcam6ErkdSKjzsliqVAmdKt9uXMndn/1Ffr7BuVvvJfW1haR8zXXXI37778PLU05U4CobMOS7ivWYkYsY7UaFazWffwxXnv9DRk78H20t08y1kIWuXxWno+gtGjRIkyZ3Km1PAJ+/fIZzveuXV+ip6dHkzs4B15GwI4xrJ/c9WOJtbW30+rSV01Wn6lRGn0PplckKYEUQJKUbpwryXyPrUTXILoGJQvlMp555hlxYfHUzw21fPly/Pjuu3HOObNsm4qREnFMhYgm4XPjMz2XwJDPZsQ91dzcJJubgU1aObt274aboTsoFMXKgCY3+iUrVmDR4sVoyucrqZ/0ubMKXfzYJqPowMFD4ragv5snbutOovIm6N10001Ytmyp9g1n0pOtUYkVxVkLjIpyy9YteP311/H59u3IGOvCnn47OjrR1TUV11x7rYAh+3Iwe8oWlVN+pVIg97F582Zs3LhRgK7s+1pJ4rqitKxlIm5BJ5AYCC2QCoCYfCcCSBipC2usAEK5Wwtk3z51YXm5rIAagdlmrdGlRnfU4vMWyrzzeGHTiJlZlslnsHPnbrzzzjvyHGIdGjcmQZGuQoLEp59+KmCQY2ZVc05kzngJlTatR8mwYs2OACmQ9TIolstYt24d1n28XpIlThw/jrb2NhQGBpFvyuHOO3+EG1Z/T8Ys+yVkxW2oAFIOaAllUSzpeLQQGU86duy4rFVaSTxINOWbxdV25VVX4LzzFposPVsRb9qtGLYEzg9deus3bMAnn6zDwQOHpFJEXLD9/Th/0WL8+Mc/lmQCdYXWqStKQSRR7TWWwVMAGYuUTvma4RaIpOkad47NmiSAPP3003jttdeFJpzK4pJLLsG9994ris6mOtbbRaZSQk+rZnOK2yHQnHwqkZyc8LeJC2f79i+0wIzpotmsxC2uuuoq2fjt7W3GWWCSR8WnRSWisQyJUwRaWVwoFvD5ts8FSDZt2iQnRyoSKjz67W+99RYsmDtXak5sFpEWJZpKd0OX8tVXX+Gll17GZ599Bo9uLyosvyygxhPoyktWYsnSC0SRVQOqtvK9NqWUJ+MTvSewYf2n+PCjj8RtRMuIoEC3GuUqweEsMD0GIBwlY4YaaoGM5sKSBIMI2LiJFsiTEtSmsi2HAQp+GTOmThOZ3HLLzQIAU7smy9zYXGVNhdbKaz47T+knTvSKXN944w2xmmyMhEqaJ3UCC5910qRJuOKKy+TfObPPEQtBC0FNXEmoRKSoRw4fjFvs2XsAr7/xFtZ9vE5cgHRr8gHI9fXLX/4cc+fMFsuStSuaoRXCl75YWv/BuX7hhRewZ88+YzVo4J/r6PrvXS8HEaZW03K1le5x16XEvSKNWWkAfhDbtm3DB2s/wpatn8uzqUXo4qKLLsJPfvITzJgx9SQAEudiO+WNmn7wFCWQAsgpCm6sH2MwtbagTjeiCVfKMIMlH8888zRee/01USQ89XPz3HfvvZg1c5YpplNqjnhxX/UetF5A3DOmLkDqMwgkfiDuJzLLMtA5WCghk9XK5cWLzpMg6sKF51aUvMQZLC8Say9MJbiWFus3qsvBFXA6dOhrvPLqq6LwJMum5KO1rRXXr74et9x0o2QLyWnbtpE1YzJGcuJEnxAW0jI6ceIEvAyrtX3MnDVTQO3ii1eIW43PokkCqpL0HmOBeUOXYZ+ddSz7DhzAa6++ik0bN4oLToCL4WCjMKdPnyZZWBcsWao+f6MifYmBePjgo4/wzLPPS/aUbSgl/UAuWR6jMrH1KSE2bdqKNY8/if0HD0n2WhD5cLMue+vhrrvuwlVXXiEA2drUbLLaLB2i1r1IITlreKhYXRfHT/TizTffxNtvv43evn6lR4kVSzJN+YorL8cN31+NyZMni4uMvdurrkJNHRbVb9gT+Z+0JnZ+uRtPrHlSLTVmhIl8FeRuvvmHkkJNC0Q4uggggTK6dXcfFfBgNpkFGM7jRRctl89OnzpNDiVa01F/h+gcVbm5OKHFcgl79uzFy6+8LgkHBJliYRBtra24/bbbccMN39eiT6GGceGXy1LXopxu9oBT7/vq186Mde+m140ugRRARpfRN7qi0vHPjKKU3xoXFOshAgbLBJBn8Nobr0lGFZUZT6v33nMPzpk1W2odxDUlSm44Yy3bf9qKiyqvHgPCmuHz7rsfyCmfPnNaHgxuX3jh+fjR7bdjwfz5MXoQKZ/W2xtCbKcVzJqyqsy2/EmFH2Lb9i/w8suvYPPmLeLGILDMmz8PDz5wv5xMqUyoAEplUqIoVQo/TxcYs8+oyGi9+H5J/N/XX/89CRjzhE2rh6fROP1GNa2TRJEcLE7wHUnQlyd0Jgm8/tqb4vIBK/yNdZdrysMCyIVLlxp+KluJTpedZ+pAnpP6Cn6u0lBKAIQK0s6FUpRs3LQNjz72BA4d7objZRDBR7bJw/ILl+Gen9yNyZ2douBzVMwUgKKWgBXrOawVovUUOm979+zBE08+ia3bPpfCGFscSSU9b/4CKWzk/FGmWqioBZTqMjQUKDXrRU8BdEWx3mfNmsel3ofZdnQlUuYPP/yXkuqdzeo64ShMNWcmFlO9H330jwrkoS9uUR50br/9dsydM4eFLpXaEi3oPPnLsIlphlekqdDPPPsc9u7dK+ucrreuKVPwX//u72RdCDA5PKSweDMGIIKTejCrfY2AYqPdWPr+mCWQAsiYRXVqF447gFikiDUUiULL3mpP+npKp1+dJ9r/9b/+NzZt3mwK2hxM6erEXXf9CCsuXqFcUebR5HRoM17iACIFa/UBhJuWCumT9Rvwhz88Ihu55JdFkfzghu+LhdPSnJfNzxoXfh8VEIsV//CHP2Djpk2iENQ9FUoa5y033yRBWYIGFSLrJfj7UGoPyeuqARB9EIFgk5m0bevncl9Hjx+rZAEx/jMSgCgVyDcHkBA+OqdMwt/+/OdYOH+egkYUiFK0AK1GmSpa/u7aVGQppNQ5JfC/9PLLKJb9SvorgZUxoTvv+JGAs50/oXCsWCn1AETBvyS1PQ7+8R/+Edu37xBrkllWTG3+xS9+jjlzzoHnORILcVym2nrYf/BrPPbYYwLGrCanZXvO7Fm48847cNGyC+WwkvU0oC98X9ZcHbJtrNs2TrMjVfSIpJ7kvfffx4svvoTeE8fQlMtL6vn9992H739/tVggcpgQAIa4RyuNdVIAOTUF9Q0/lQLINxTgaB8fHwBRamyxQCoAUo2v1AMQntyZssvYxyOP/FFcIq4JyH7/htW46cYb0NKqqaRN2Vyl/kB989bJpk+nGU3qLrBWk6otQwgJBz3Hjksh3YdrP5KaE94r6y8eeuhBnHPObDG39LMaB2GQ+PHHH5fiNy2QC7F48Xn48d13SUowiwSbTDV5/GBZaxkpgGh/iarVRCNK4kEMJBfLeP31N/Dciy9UaywQJQ4gkRNg1aUr8Jc//SnyPC2TOkUyjZQLyz5HZKjUuU5Ck7LNuWONBRUm5++xNY/j4OHDlbRXKvpbbr0NV1yxStxeFuutHaprxQLI0Dicg0KRQfK8uEyffeZ5qdlhjIiWzcMP/wWWL79IXJwSSyHtix9h0+at+Nd//TctLAx8TGpvF6W+evX1yJvqcjJJ61h0f41ifRjUE2uGaet0HQKSlvz7P/wBX2zfJsWWrGFirc5f/dXP0NExSbMMhUmTKJsCyGj6J+n3UwBJWMINAcjrr6sLywmHuLA0H1/ZVWM3bHtGx5hTrQuL/FqsQGdq6bvvvi/OLwII0z3/8uGfYuGC+aKgSPCX8zLykyd92wckHvi0KbHa011PsVZB8KcvxX2hpGb+73//D8mAYpCd1dtMBGCtAZVRLquKsVAs4umnn5FiQcvuy+yhW265Cd+75hpJA+Xfm1khLS69OHtk9fnl70MAhPeqMWrTVoo0Ld1H8E+//p/iKpO799zEAYQWyAMP3YurLr9CsuGo6xjnsLIcCiBKUWYKOY1rk89At+Ojj63B9h07tB7G8wRg73/gASxcOM/ExHRRaH8T4xmzzkapCY0dNgx9OhU9s7F+/T//BYVCSYCBritmPjGtl1XpKiygWArxH7/5nbgcbc3NovPOwwMP3I/Zs2eKG7OluUm8ZhbM4kAf32JxwkQLHmItVg4AEV548WW89+7bON5zTM4OHZMmCYAsXrzIuA8JlaZhlbXEUwskYU1Wf/gUQBIW+6kBCAyA/ATnzJolSrQSA6n4+4ffuPUliyvKdbF/30H87ne/w45du+XzdEWw2O+222+RoKsSBzJgyh7tQKlYkjRKPc3HXCOV0yK7xun3avaRnnlLjLKyVuTYMfzmN78BeacIEs1NeXFh3XDDaslMEr96ADDV9ZFHHhHuJo19+JKGetutt2D6tC5DAElnmmYRadC8Xh0yLTJDAW8D/8w8IsCZzCMG9emioQXCoDQLChmQSdyFFZbxt7/6ORhjIceT5CRJSrRpRmVpXirNnExQnadun7EErUZnKvAfH30Mn23aVEnrZWrrX//1X0lKs5kNAyAKtjXuviGWALPMKA+6nJil9s//9Gv09Q1IbQizvG677VbcdNON2lLALIK+/hL+r//7/6mJi13/vetw3333yEFCYhO6KAx55EgNvgwmxawP8zGUApJARmKtMcj/+9/9BocPHpR6FQbsb7vtNlx//XWChdJKIAWQhDXX2IZPAWRscjrlq0YFbpH05gAAIABJREFUkEoW1jN4rWKBnAxA6qUGV5U6rQGLAJ9u+EzcSoe7j4hiYVHiw3/5MJZecH6l5Shpv+WQKqzySmRY9anrG3HVrU4sq7dM9pcy0uPY8V48/cwzwokkV4UhVq9ejVtvuRntkyZVTssbPt2INWvWiAKj5cFMIPJ2XXft1Wg2VChyUrfNaUfopa0uvfoAoswkms7M14aNn+G3v/2tVLjXxEAkC0vUrlxXjYF8pHTupxhEd90Qv/zbv8HFFy2XsaWLoWkUVQmiyzca+YsxpUqbipTWIe+9UBjEf/7xMXy0jmm3Gl8ggPzVXz2Mjs7J5r7VJaZGQ6yBU53aCc3WIwtCFgcOHhQL5ODBwxVwIIDcdtvNZtKV3uXTz7biX4z7imBPF9qP77oLF154gXCeiYQJjLFMsbG6sPSONYVZDiWOi4GBPvzh93/Azi++AItfmY119dVXgVlwdGFJjMWy5KQWyCnrpvH4YAog4yHFk4wxIoBUKLKB/qIWEpLyQl1YFkCYhTVziAViv6yajSV9NEx6JJlfhTIiivD6G2/iuWefk2A66wumTJmKVatWSs4/FaXSVlSbClVcVTxVDn0moxFqD7SaGcbvskR5rBMgI6zwSvm+kC0yS2f69KnyXCQCfP/9D+R5ebqmJcSAOfP9L7v0EskC0y6wClu16nC4oAkglc56FVwzhWexpl279nwlVs+ePXvEirJkihcsWWJkoE+mAFJl4/26+4g8G9OJq2m8I2RhrXkChw8fkcAzYyC/+tUvsGL5cs1OkpauJkMqpl0rMRB1DCqnVyyRYWBgEI89/jjee/8Dcy5wpM7m4Z/9BTo7OysAwjdH7qERz1Di2Z1rzMPhw1/jX379r9i374AqbwC3336bWCEEBimqRIQXX3gNz73wEiJ2sYwitLe14dqrr5EYmmV6lu/XU4OZhcYyoALH9sPxxNLavOkzfLljh9D9EJy4bu+77160t7aZlGatjE+D6AkrsFGGTwEkYfk3DiAaFF227EKTxjuzQm9eE0SPWQLST9oocRZ98ZTG3Ppnn30er732miHD0wfliV9Pt36ltFdO4AYZrCIRlRNDC1XodXqVsEDNWAg8GXLzsx+EEOBFkRQo0q9OmhPGPqkQ33jjTam657UM3M6ZMwf3338/zjt3vgKI6W1SAZCTBmRHBhD5vGSoAfsPHZKgPesMSDNSARBJ45WO5skCiFSDMihtUqWtG8cG0U8CIGueeGI4gDz8UwEQ5i9ZAK3XQljTxuM25MkBhAWgBBGbxktr6NFHn8Trb76l/GZiBbmqyK0r0ywUBZBKlkfdnWXX17DziZA26ouAXSgMoFwoSmU8qWLIsfYXf/FTTO7oVAJGASqedOzCTdN4E1ZldYdPASRhqZ8agDjCTKp1ICMBSPXG2d/DVh8HpB1xXPT29eL551/En//8Z4SRpoRW+4noKb/m5G6r9GLyiPdkIL27FifWCkxOgZb2O9A6AAbrafHQOmBl8kMPPoCZs2bIB5llw9TU999/X6uOXVcYax944AGp0masQFM8jQUymi+kLl1M1QKxd9vdc0yq/T/44AN5BvYPeeiBByTDJ2kAcSPNojtVAHn8iSfx3gdqgfAlFkgFQNjzwwbRh5/6WSNU+xoZQCjqW2+9WSyQXF6ba9EK+Y//eATvvr/WsOKSESCPwX4yD2hHRXvSqNfDYxhQjDSfrNMxmYM83OSypj8JA+y+X3HbTevSqnQbA5EWJvKHFEASVmUpgHwbAj51AGEhIYPoM6oWiGTY1jmOC6W5oTMnWMDB8RPH8dLLr+BPb73FOmPtiue6lZiDVTpDT4RxfKhRCOagXwsg5l5MkZ710RMBpMI5imTj33fffZg9exZr+SRO8vzzL0gGFgPaVEDkiKIF0jGpTVJdxwtARK9IZpCD4319eOqpp4SIkG4ZCyCsRNdqbY0/jJcLC3Rh/e0vcAldWBgdQHivSlnDavQqiNJiW/PEk3j/g7UVNxMBhJl06sKKA4iMYiNastzVOKiNYo3kwuJ3s6KcFggZBFhIWA4C/MP/+DU+3bhZguy8hocEqb8xzcvsvqqWs46800bKzrIlqhIP4UHEUzoTVp2zMv+8884VFxap58XaJjOBrURPAeTbUG26vtKe6MnK/nQACC0Q40GXYkFmW5Ea5IUXX5IitLbWSWKhkJjwwouWiYVC2pB6vbDjCfyVYLrERAz9xBALxHTjqKlvsEqAG59pw+T1YvEbi5OPHTuBF154USwBAghBzQLIlMkdUkw3HgBiOaoUOD1p2sVCONJwsJ3trJkz8dOHHhQ6d409ayaZ0nd88xjIiABiW8daOUaMl+gaPBmAMAaiQWYHS84/H3/58F9IdbvjNAog1gJx68RAHNx8840VAAmjQFKy//mf/xc2bt4q90jlTqbo66652gBuNRY3FgAZabdpGi/EetUUbPZzV/4uWm+sRGd9yuTOyZpsUGlmb74/tUCSVWQjjJ4CSMJiPx0A4odl2XjaF4KNlzLoH+jHK6++hiefesoAiLqT7nvwASFNJLMuAUR6CMUzrWIGTtz5YSlYhrqw1DAx+VJCiV5lXxWl6LomNZhsvmqBkBGYjLN0YfE0S9JEWiAzp5H3qkoEqAr9pAEQM3txQr1aNxvb3zJtdaAwKAVqrKSuAshD0pGwcQCh1860EhalGmHjpq14dM2TlSD6SS2QShGNtRb0nscEIICw75JypGNyBzwBEH3pfFXSkxSUxmiB0AKgk/Lmm28SFxYtEEINLclf/8t/YNOWbZJuTQuCyvy///3fI5dTfrLqd8fnanja9cm2mqwh47aMSUXHN9YhU8yVo0sPGaNzYTUWyE9YFUzI4VMASXRauSlqyRQrQU1JU1VlO1gq4amnn5IeD5aLqsqFVS8GUsuHxSTRKleWjkvqC7K5MvOIZHv9A4M477xF+NnPfoZp07qkTkKZWA2IGDCJ62ubBzWC46wiOVscxmJCJdIzLLA8RToKbDaYPTBQxJtv/kmC++xFQWoToVZ/6CEsWDivUiim7iR1u1GJ2a50Q6erEvyXm+CTVxWXceyJbA4cPIDnnn9eWHojx5Wg/k8fpAXCtq4sXVciwooFImSKz+Hrbu2JPm3a9FgWFrPOpA5fbodW36ZNnxsuLM3ComXwy1/+NVauXBlzKlkW4ZEXXbVoU11vJ3r78eSTT0rMiC/KctH5S/Cznz2MKVMmw3NIhhiHEGrWmOKsZfLUe2YJj+Pi0KHD+PW//hv27z9o5ijCbbfdIgDSlGUMRFsN/+6RR/HJ+k9x/PhxOQzQqvzvf/9/YnLnJDkUxGuGbG+PscD+UCkInYsBZDngMEHDpC7LteI2M+m+go52rlOgSFSNnWTwFEASlfw4AcgohYRUBrUFZA7KQSiFc2xUxZMjuY5YN/CrX/1KiO+Ypil7kkywsmnDyt9kb+q7NdKx6aVD/qgstzRlRDHpZ9Ry0Ap6Kj1yPgm1SMnH22+/K2m8VFClUhGdnR24594fY9XKVeLvlqww01423tFwpKkiKA+zjBhL4KnaBPh3fbVbOLH27tunADJjFn76kPZEHxuATMPdd99t2Hj5vFULRAFkGx5d8wQOHeqG47Kb43AAseSBIt8RNGyyAMKjhj5uHED27T9YoZghgNxuASRUAHn9zbex5omnZLFwLTGl+f777sGlK1fIWDYuZ61FoZQXcLWpZmOwRgz2VzDB1IVI4SV9n2Y92TVga0Zq4zuJbuZ08DoSSAEk0WVx+gBETqeGx4Q+fx7WNnz2KZ559lml8DCNqn7605/i8ssvQ3MT+66r9aGnPlOjYDRbrYKrdRENOzlaN4b4w6qvEIEyxIqSUQChu+ezzzbh97//gxTJFYsFqSW47nvX4I477kBznqSK2teiklJsCtTGNlVDLBD2FykH+OTTDfjjH/8ozaXgeJgxY0YNgNig8MgWCAGEdO4XS8pvFUAc6QRZCyBs+RoMs0DONgCRWiFE+HzHbvy//9//kPXll0sSvL/88stx370/QWTWjRAA17gb7ZoZCh51wMQajpJEUGvRVF2YVcCugEjFthvbykivGn8JpAAy/jKNjXh6AESqGOyJzRAh0u9/uLsbf3jkEWnYI5xVPgn+LsU9P/kJpk6dYgAnFC4spbiwrL5DOLfsE9XtvaAea2IXGVwVyPjPl0C9eKqNBUIrhb/SZUIAYS9t7fMRSitWVleT4dVmQ9FtpaCo7ozRX3ovcUtJqMgj4NHHH8O7774nJI10MRFAHnrwfixdsljVkMkqOjmA3IlVl6wwAFI9eSuAfI5H1zyuFoiw0YZnHYBwDZFORmIgWQaz1WLp7unFP/zjP0sLWsYgOGes73nogfvRNWWyUfpG+4uLKaysheFzVrfcUS8joaRluhePZLXXe2UJxujpbZOr0ddFekVSEkgBJCnJyrinF0BEecsGZvsLD4VSSYLo7777rlBl0xXADBqmQ65cqVTujC+QzkT6SUjPEc1GqrVAeCy0EZu4W8I0NZEovAM2cuJ4bKHLCnOlPaECt5/RoCtTU9n/nTEakZLpnf7jH9+Ja6+5Rkj9pMhQeLmqDYhGn6paACHolMsh9u0/gH/5t3+VtqkSS3FNJfoDdGEtVh/+0DTeYTEQWiAjAIhhq60FEFogf1MTAznTLRDO1m23aB2IdBQ0BaK9A0UhOHzpxRdEfsyeW7hwIW668UZcefmlAih0TbIuRChN5FCg62j4y4bI4+8YN6eENRz09vbJwaGttUXWqK1xUowx8T+xSsd0qhh92aRXnLIEUgA5ZdGN5YOnF0Cs/1zcUZIOCWzfvh2//89H8PXX3abvg49LLlkhBWOMhWjsgkpaA8hSGChn+FonvVCGiAUSVwD8DJWFI5xFH374Eb76aq8ol+UXL0PrpFY4Qpei7isG7nktFQL7l69Z8wSOHGHLVq0bWbT4PNxxx+1YvGiRWERCmmcoWvS+6qkjW6Ci2UeSycOYiKEJP97bi2eeeU6aIRUKBFF2t4q0Ev0B9kRfVCkkrKkDGRVAqvSOtOxIdz4RAIS8ZbfdeiuaclUAKZUDbN/xJf793/9d0sM5V3RjLTl/Me6+807MmDFNAISZW2whkMuy5wmtl3iyxxDgGFLg6JuukoXBgmTokSdt8eLFkqHHYL2AR8wM5bpKAWQsOijZa1IASVS+IwOIza6kqi76vtBsvPnWn0TJUpmz09u9P/kJZg/jwhqhI2GsepsAQmuC+22wUMQj//kI1q//VOIcbPbU2tqC6667RlhX21paJZid8Tztn57j5peGGmJVyLY35gg7Bkp7WaEpUXeDuMbKpHL/XNqd7t69BzNnzsLi8xdh1aWXYMG58+G5rE43rgtzamTf76eeehpr164VQKGbi0ysV119BW688YeY2jVVKOZpSYlrrQIgCnCVvt/GXNJe67S8MgIi/J005Rs2fCrU8SRFtAy3BMKZBJAHRweQ7iPsSAh0Te0SAsFVKy8xLixtq0vQUgDZgj8+9jgOHT6sTZicqK4FYuzSukH0eADdUtP09g3I2mAWlrwPSBbWww8/DNbNeG41jbeSwjtiFpa6pATI62Rhcfybb9I6kOZcVjnYJPPLkba6TELYtHmTWCAE945JHbj++uux+vtkWxYOAcmUKhWLaGlSVxeFJ8zIFQBQd2sYxAoRHcaRhJAHH6z9UNK8jx49is6ODlx4wQW46sorpRCV3yFEirY/TU2BZKIbOR18JHsyLSRMcm2cBEBMBJsAUg5DCfC+9fafK0FJAZB77sHsmTNGpXMXugrV9PIwGg9hI6CycE19/PE6PPvsc5K2mcnnxD3EGMhNN90kQJJhxa/pByJxCtN3pHrii1AsFczJ0kGxSCBxpTKZ3e2+2r1HlPQXO3Yg65EmPpT3rvne1fj+DddL8ZcqP1X8BAWCD1l7CToHDhySoDkpxTsnt+Oqq6/E6utXY9rUaRq4JZCYAjNeJ583fULEahB3CSXpybXkA+Pft2zZhpdfekUIFJnWHLJGRjoispBwBh566AGxQJRJVteBrURnui/ZeG0ab9fUybj7rjtx6cpVsZ7oVIzs5ucLgEgW1uHDkrBwqgBigVHk5Hk4GYBMntyBTIMAog9ZCyA2C4sy46Hijh/dLmm8lKtEsRwXpaKPDRs2SDU/e5R0dHRIavj0GTOFcZk9RLQ2gxXkETKuzjVlQ/kScLxMFj5dXdJwSkGFwF9m50xE2L5zJ5586ml0d3dL7xM2qCIPFpmamfhBlxbn3/ZFsRl6Se7gdOyTSyC1QBJdIWMAELaADQM8+uij3wxA9Iinh0ADIL60ls1KUeELL7yEt976s7Z6Zc+JwBcSw+9ddy1WrrgYkyZ1SM49fc5CtCh9F9jOVHt+0wopB2WpAs5kcnLSp3LYs28fXnz+RWzevFUsGOvYmTt3rvQdWbp0CZpbmkTKWojGQsesXDs4UMBbb70tHQPpXpJKZJc8VTOF7+nqq6/GzJnTRUmrX12tDHbLk1RUof0IBFD4O62tTJZjB9i1a5ekMO/Y+aXp+c5+JNqoisF+oTJhEJ0AEiNT5LOyse9a48KyFsjUaVNw151xAKlSFzJQz5M5AeTgoUNSPMnn+OUvhsdARrNAvk0A4VwTQH50+20CIBpEJxAowSHBjHxipKGhnJg84GaymDZtmlgirHlpbm7RAHpYFqtWDiFiqCkXm5xzXAcs8OSBgmuMXQd37tqDF156EV999ZX0lWG9CdcL3aF33HaruLLYV4Wf59/H0nM90a2dDq5WZWqBJLkSThIDkZOdeopogRBA/vzO2whJ3eC66sJqxAKJAwhPmCZzidYA/4uxCfaa/uyzz5RqnUV6nietSemWueLyyzBrFt0EGW0+JTwnepJXRa3/qByp5I4eOYKNGzfj43XrsG/vXvT3D6ClpVWUTmfnZDmVrr7+OlEQcpKVNqSaoaOtdan4M9izZ5/cF11NUjRIN5njyueWL79Ysn3OP38R2ts7tCe2R+WsWVmi2IzlwA57tIYOf30I6z7ZgPXr10u7XLERpD+8j2wui3KJ7hdPQOrkAPIhnnn2eQiAuJFYbHfThXWJtUCqAMIGUIzp0IVFAKG7TgHk58OC6I0CCAsJ6cIi9ctQF9Z4WyAjAQhTr6mwi6WypIS/+uprePfdd5BvaobjaSJGV1cXrrjySixbdhHmzj0HWc6VWLPGfcUSUeNaFEJiWh5lH8ePncCnn23E+g3rsWfvXnGPFUtFoYxvbm6W1O5LL7lYfudaluZnpqeJGt1pID1JDTba2CmAjCahb/T+yYLoejCjEqQFQp6mcQEQ9WFpCyPTzY/KmiCw/YsdQvG+d99ePa2TFI+NiFwXc+acI0FLMuPS98x/zKSy1E2hA3FZMBj/xfbt2Pb5Nuzff0BOi3KCNxXjLDJjjcDq1d9DZ7tycPFEylNnPDOHIMWTO2s09u3bj+effxmff/65FKBRIfF+qTTa2ttw7sKFWLRoscQhpk3tQnt7uyH2A4qFArq/PoxDhw7h4KHD2LJtK/bu3SvPRR4nIeaTYHy1ToY6Z9YsBZAlixeL+0uMGunXrqQeaz/8UFxY3UeOStCd3zsSgNB/LwAiabyMgRDgooYBRF06Wo9jXVinE0CsC4sWSDUGonEeKm9JqXYciXcxTvHl7t0C2nrPHnL5vKRHL1++HOedu0A6JrJqnUqf8pdGWa4j1ibdljt3fildKfnvaE+PPrfJhmOL3BtvvBHXXnsN2pqbKnVBKhtlApAz0zfan+mHv6kEUgD5phI86edHy8KiO4kWSDIAwo3NinNL484NTKvhvffex8efrNcTXTYrPbsJNja7hiR9XVO60NbWqmmvpNTo68XhI0ckVZcUJH19vZVAtlV4TU1NEoC9+qor5XMt5FMyhWGMx6j7ir51bdHLkzvLL3jt5k1fSPbNpq1b5BTKQCzTeOnKsFQmBA6mIRPYPHPyDcq+FPX1DQygp6dHXFQKGOqm48mZllVLS4tUofcPDgjnE8kUGURnGq8FEE6ltPl1qgAiMRA3wvTpXbj7zruw0logyodvXCoRNm3ZhD8+9hgOHT4kPddpGf3yF79oyAL5tgGE329dWC1seRz6Jt7jSXYV1wpBlu7HHTu+xOtvvimxn0KxhDxTrpkGTjLKMMTkyZ0C9B0dk9DSwjnLy+c5R+wK2dvbLw3FGPfii1YhPzs4OCjuxR/ccAOuuOIyZLN5sTgJQjZOxXUrAfox8aQlusG/84OnAJLoEhgLgJAeIsBjT6zR3h2msnf5sotw7733SLqphCalRkNbuA6lGKkE0S0Bielqp+R8Glfgd+jJ2MGuXXvx7vsfSGZWT88RZeV1HenzoLEIrQSXDWsysUri76bFAgwODEqsgRXk3PBU8iwEvO66a7FixQrxg+eyrihqy2WkngbNtlJFScrunLCtMuBPoDt0+KhkopHwkLxLDNbbbCQbMFV+JhI0MlvMkaSDcrkoTa1sP3cCDp+hvaMdUyZPxs233CIV6ExU0MLESPqssAfJ+YsZA9GTMf/HIDzTjtd+9KFYa91HuiWri73a7yKArFyprWklF4uBGIiloy6sx3BYsrAcoVD5u1/9LS5ZsULjQpKgpJ0baxuD1S5ANruS6+ku9Dz09fXj8TVVFxblt3gJyRQfFiXNYLV2AbQFelSssXN5TUGPbdurHQnpbvv1v/wbDhw6KMFqzgMz4O684w405RSE5T4kBsXEh2rjssFCSVyXb73zDjZu1Mwsyp3XcW0USyVdQx4zpzQdm3POeeEa438zPsf55NrMiMvLxZy5c3DLLbcIfXtTLic1RQRjzSy0RavqEo3ljSS6i9PBR5ZACiDf4uqwG5Ib7+lnnsZrr70uiiZLhtolylBLl5Cth2j0Vocy2ep/ayro8d4+bNy0BevXf4Ldu79Cf3+fbFAGKGVzSpChyidlM6hskJdKgQBCK4WxiksvvRRz5swWpWD90tLbo07/kuH3pU9GEOg5fkwq5xnDoGuDClTcH0EgAEFXCRWO0GwwbdeAmh2TP3nSZZYQA690p82dOwfr1n0icSZSp/Ce5s6ZLQDCfiW0hvjSBANVTqR9ZxCeGUcEEAaK77zzTgUQo0wlvZifiYCNGz+T8enSE5AKI/wf/+2/4aJly2RsfobWEe9tJL+9jYlpPwxPOicSrB9/4nFJd+b9cX4YH3vwwYfQRfeQcoiM2ZnDiBjdTrwPuv3+8Z/+UVJm1XLL4oYbvo+777pbrERZd7RiRVkPdxbxOXt6jmHT5s34+OOPsXfPHsnwE1ZomxloFq09lNgDhbo8eRgI0dTUjK4pnbh42TLJtpo+Q5uPacxLi1zT15kpgRRAvqV5sb5uKgWejpnOyspsnuTopqGSIHnf9Om0QIawkjZwz3FlXUmdlPiIMubSjfDVnr3YuHEjduzYUUmhtD54mz4rCV5mH9NVxQwuKuh58+ZJjn5ba5u6IYwqo7sse5J9X+++pLc7gEKxKK4OxjK2bfscu3btFkVO2RBMLEhp4V/1VEw3CRU9mYyZ/UV/fC6XF2X8/gcfiIIn/1Z7SzNmzZ4p8mXcx2ZxUR6WEoaZRi+++KLIg4kDHZ2dAiAEykpKMVsHl7SnCXvBr1mzRgCEY9BK+cXfaBA9njXE9+oBiDUamFRhOc1oDfFwQTZesgkIYDmOxBh470xzVgAZ+0tTKhiPCHHgwAH89re/laI9fictqVtuZkOp2yv1Fvx7ztTiDP0WO4cEH4IQ06W3bt2KL3buwPHj/Sj5Gh+x4KGWZ7V7Jt2KCxYskPbN8+fNxYypU+VAQnla6ngLvmN/wvTK0ymBFEBOp7Rj32X9+lZR0y9MpcnNxlMaNxEVoD2x1tBan8I9Dz31+5EjQXF+HwOWVCg87VMBUrHs27dP3EjcyBqI9qQPBE/szGBib3VaBPY0bpUDrSeeHOmKy4xQPR6//fh9MS2UhY55Q6hIa4C0FqQ+oWuIKZ5UdidO9CkpounxzkDtuef+/+2di27bRhBFlSaN7fyEgf7/hxUIChRF4jRFGxd3HuSKlmyRCjTS4BABksgiZ+cMvZcz++Bv1jbNBtKKaPmlur3ERofER2Jgdfavf1lH9vj4aHV6HTnbTP6KuZ6kc4KABOTh0ycb1Je/GZ/MXDS+I3/1FkgdNuvr6ckWQ6qTTDY5JfrY+oV/VeKJKck5HVvtVBx8KvW73benJxsb0oOFpOPD9E7X02+KH7rO33ol7Qfr+DNr0xUU04yrbN79+nEqji0t6Odq33iPqqRprP/4c/f758+W5Wj1uq2v+fFsmaFEXg8gipUeRizT2D3bOEfe//o7hfp0z/jmpQkgIJcmvrCnp7exQ8mn06wnWwofO9OeO2UxO2vVkzVzyKbsxriIl0d8HUiWSnIA3J8C/btey55XFvt0Wn+q9iwlp9hqRf1pcPfE7RcXULMZnWMOumu7jLQhcbCZP9OitNj2O/YCs1Kd7cvkW8h7Wc6fgH1qsQ/kq6NOcbZ22J/YfyvaL1HJNlrHpidytVNTkW0F/z/+oiMbS/H/21sfYw3NnMXt7zL8okOOWXOZxlkB8FmLOH3MQJ2tZUgaS3mvqcnfd/cf706DHN/KDWq+fP1iDwHje2RkJ7Ofh/uHeYPNgwWs2WzOmpOQpBjrFhE33RsSCI3hefbhL/jyz3z/NZvhHZlkZlnTdSKDWeUkX74YAQTkYqj3DY0lLP1krOHnGESWO/KX+tyVt6ON3LFWn01jHntN9EV7fmgarg8CZ1vGX3Rfve7fzzb7kPSRl14smI/t+u9Z9X+fXqysSJdQZ+mL0LyEM3bmXnLynYB9rEQlE88C8hiF01+iJbH0AV/b+j7KSl5uCY+HVf3ZFnW2y1jYWMF7Dehr25hvu/s7XzRpGUOMfWQZJ8tjxxbBTdvbBPgs0aXPo+/ZFonUmkNM8ynfxjhiIkBmPHbdEFdlgLYHQvR6AAAEO0lEQVR1SAzqL+2Mwp9ty/taWdt4P+jc5JDiMA5tWAyGTHCNT3y3jgACUsQ+O4fxSSs7lixX5M+yk1+Wod5qemYs43nWiaUoTJ3xvAWKba44d72zgNj4xHSmfT52PvFB6s3RTid9svOHaZj+73g5bmx7Ms8siswmto13Hi5sOSPNsyUXER2xbnH2JLa7t4wrOrORa5bickqyX2MWjKl1ympiTGASPrVb4hpiYtxjwFudtO14HE/nKVYHYzds92LjBprqHOd63CLTi8wk7bx1H7z4ue095a+nNT8H0Zh3Mph3QX5tEDtFMbPkKXuMtTeH2+Zb7SzHxvOB49B9u9pHTrgIAQTkIpivz8jBtwu+1sxjr9B75ZwNp+yetePv3rHYxdWU58Ta2JG2nZoZjaevNbnN9/X3ySXsbLKxYYnflrisJ8YZP5MAAvIzad7QtdYJiG9rslx/8pa7/v73dcdhAdE1hmttuO7Yiq0d1Rqzmzrd9biOvhr3Nepr/DDyp1Ui90yuu7/ml3Otu1v4djUBBKQ6Ajdj/+UCxrebvq4+H5u7xGWXvenaax1v3doOcW2H+zYXvgGBHgQQkB5xvIAXlxAQXyU+PfIuXjoUe9af7etaAbHca0N2cHZDuQAErpwAAnLlAbqe5iEg1xMLWgKB6yCAgFxHHG6gFQUCYlOCrAo/lLXOTwXIQG7gdqOJN0EAAbmJMF1DIzeMpG6YieMbA9pE22GDwNH/8wXkGmjSBgh0IICAdIgiPkAAAhAoIICAFEDHJAQgAIEOBBCQDlHEBwhAAAIFBBCQAuiYhAAEINCBAALSIYr4AAEIQKCAAAJSAB2TEIAABDoQQEA6RBEfIAABCBQQQEAKoGMSAhCAQAcCCEiHKOIDBCAAgQICCEgBdExCAAIQ6EAAAekQRXyAAAQgUEAAASmAjkkIQAACHQggIB2iiA8QgAAECgggIAXQMQkBCECgAwEEpEMU8QECEIBAAQEEpAA6JiEAAQh0IICAdIgiPkAAAhAoIICAFEDHJAQgAIEOBBCQDlHEBwhAAAIFBBCQAuiYhAAEINCBAALSIYr4AAEIQKCAAAJSAB2TEIAABDoQQEA6RBEfIAABCBQQQEAKoGMSAhCAQAcCCEiHKOIDBCAAgQICCEgBdExCAAIQ6EAAAekQRXyAAAQgUEAAASmAjkkIQAACHQggIB2iiA8QgAAECgggIAXQMQkBCECgAwEEpEMU8QECEIBAAQEEpAA6JiEAAQh0IICAdIgiPkAAAhAoIICAFEDHJAQgAIEOBBCQDlHEBwhAAAIFBBCQAuiYhAAEINCBAALSIYr4AAEIQKCAAAJSAB2TEIAABDoQQEA6RBEfIAABCBQQQEAKoGMSAhCAQAcCCEiHKOIDBCAAgQICCEgBdExCAAIQ6EAAAekQRXyAAAQgUEAAASmAjkkIQAACHQj8D7kfsQLTuZKWAAAAAElFTkSuQmCC', 1, 0, 0);

-- --------------------------------------------------------

--
-- Cấu trúc bảng cho bảng `comment`
--

CREATE TABLE `comment` (
  `Id` int(11) NOT NULL,
  `user` int(11) NOT NULL,
  `content` varchar(500) COLLATE utf8mb4_unicode_ci NOT NULL,
  `verify` tinyint(1) NOT NULL,
  `rating` int(11) NOT NULL,
  `id_product` int(11) NOT NULL,
  `fullName` varchar(200) COLLATE utf8mb4_unicode_ci NOT NULL,
  `time` varchar(20) COLLATE utf8mb4_unicode_ci NOT NULL,
  `content_rep` varchar(1000) COLLATE utf8mb4_unicode_ci NOT NULL
) ENGINE=InnoDB DEFAULT CHARSET=utf8mb4 COLLATE=utf8mb4_unicode_ci;

--
-- Đang đổ dữ liệu cho bảng `comment`
--

INSERT INTO `comment` (`Id`, `user`, `content`, `verify`, `rating`, `id_product`, `fullName`, `time`, `content_rep`) VALUES
(1, 2, 'noi dung', 1, 5, 5, 'Nguyen Thien ngoc', '25/1/2020 19:51:32:7', 'Cảm ơn quý khách đã để lại nhận xét!'),
(2, 1, 'asd', 1, 3, 5, 'Find', '25/1/2020 19:51:32:7', ''),
(3, 0, 'asd', 1, 3, 5, 'Find', '25/1/2020 19:51:32:7', ''),
(4, 1, 'asd', 1, 3, 5, 'Find', '', ''),
(5, 1, 'asd', 1, 3, 5, 'Find', '', ''),
(6, 1, 'Runc dictum, erat id molestie vestibulum, ex leo vestibulum justo, luctus tempor erat sem quis', 1, 3, 5, 'Find', '', ''),
(8, 1, 'ádasd', 1, 4, 5, 'Find', '', ''),
(9, 1, 'ádasd', 1, 4, 5, 'Find', '', ''),
(10, 1, 'um, ex leo vestibulu', 0, 3, 5, 'Find', '', ''),
(12, 1, 'Do not have', 0, 3, 5, 'Find', '25/1/2020 19:51:32:7', ''),
(13, 1, 'aum, erat id molestie vestibulum, ex ', 0, 5, 5, 'Find', '25/1/2020 19:51:32:7', ''),
(14, 1, 'ád', 0, 3, 5, 'Find', '25/1/2020 19:51:32:7', ''),
(15, 0, 'noidung', 0, 4, 8, 'Nau Dev', '25/1/2020 19:51:32:7', ''),
(16, 0, 'um, erat id molestie vestibulum, ex leo vestibu', 0, 3, 8, 'Nau Dev', '25/1/2020 19:51:32:7', ''),
(17, 0, 'um, erat id molestie vestibulum, ex leo vestibu', 0, 3, 8, 'Nau Dev', '25/1/2020 19:51:32:7', ''),
(18, 0, 'aaaaaaaaaa', 0, 4, 2, 'TranDe', '25/1/2020 19:51:32:7', ''),
(19, 0, 'ádđ', 0, 3, 2, 'Nau Dev', '25/1/2020 19:51:32:7', ''),
(20, 0, 'ádđ', 1, 3, 2, 'Nau Dev', '25/1/2020 19:51:32:7', ''),
(21, 0, 'Noi dung', 0, 5, 8, 'Khachs', '25/1/2020 19:51:32:7', ''),
(22, 0, 'gi vay. cai nay la test moment', 1, 5, 5, 'Nau Dev', '25/1/2020 19:51:32:7', 'Đây là rep test'),
(23, 0, 'haha', 1, 5, 5, 'Nau Dev', '25/1/2020 20:16:43', ''),
(24, 0, 'Loanja qá', 1, 5, 6, 'Dũng', '25/1/2020 23:4:15', 'Cảm ơn!'),
(25, 0, 'OPERATION SYSTEM', 1, 4, 6, 'Nau Dev', '25/1/2020 23:11:14', 'Camr onw');

-- --------------------------------------------------------

--
-- Cấu trúc bảng cho bảng `orders`
--

CREATE TABLE `orders` (
  `Id` int(11) NOT NULL,
  `dataUser` longtext COLLATE utf8mb4_unicode_ci NOT NULL,
  `dataBill` longtext COLLATE utf8mb4_unicode_ci NOT NULL,
  `orderOnline` tinyint(1) NOT NULL,
  `status` int(11) NOT NULL
) ENGINE=InnoDB DEFAULT CHARSET=utf8mb4 COLLATE=utf8mb4_unicode_ci;

--
-- Đang đổ dữ liệu cho bảng `orders`
--

INSERT INTO `orders` (`Id`, `dataUser`, `dataBill`, `orderOnline`, `status`) VALUES
(21, '{}', '{\"fullName\":\"Nau Dev\",\"phone\":\"123456789\",\"address\":\"187 Dien Bien Phu, Da Kao Ward\",\"note_order\":\"okc\",\"dataProduct\":[{\"Id\":\"6\",\"color_by\":{\"nameColor\":\"Xanh ngọc\",\"code\":\"#4affa5\"},\"IdNow\":1582660021543,\"quality_by\":1,\"name\":\"Samsung Galaxy A51\",\"code\":\"MB-galaxyA5\"}]}', 1, 0),
(23, '{}', '{\"fullName\":\"Dũng\",\"phone\":\"03456789\",\"address\":\"187 Dien Bien Phu, Da Kao Ward\",\"note_order\":\"wtf\",\"dataProduct\":[{\"Id\":\"6\",\"color_by\":{\"nameColor\":\"Xanh ngọc\",\"code\":\"#4affa5\"},\"IdNow\":1582660021543,\"quality_by\":1,\"name\":\"Samsung Galaxy A51\",\"code\":\"MB-galaxyA5\"}]}', 1, 0),
(24, '{}', '{\"fullName\":\"Dũng\",\"phone\":\"03456789\",\"address\":\"187 Dien Bien Phu, Da Kao Ward\",\"note_order\":\"wtf\",\"dataProduct\":[{\"Id\":\"6\",\"color_by\":{\"nameColor\":\"Xanh ngọc\",\"code\":\"#4affa5\"},\"IdNow\":1582660021543,\"quality_by\":1,\"name\":\"Samsung Galaxy A51\",\"code\":\"MB-galaxyA5\"}]}', 1, 0),
(30, '{}', '{\"total\":22315500,\"totalNotSale\":23490000,\"fullName\":\"Nau Dev\",\"phone\":\"123456789\",\"address\":\"187 Dien Bien Phu, Da Kao Ward\",\"note_order\":\"d\",\"dataProduct\":[{\"Id\":\"6\",\"color_by\":{\"nameColor\":\"Xanh ngọc\",\"code\":\"#4affa5\"},\"IdNow\":1582660021543,\"quality_by\":1,\"name\":\"Samsung Galaxy A51\",\"code\":\"MB-galaxyA5\",\"screen\":\"5\",\"system\":\"5000000\"},{\"Id\":\"8\",\"color_by\":{\"nameColor\":\"Gray\",\"code\":\"#c9c9c9\"},\"IdNow\":1582701443494,\"quality_by\":1,\"name\":\"Samsung Galaxy Tab S6\",\"code\":\"MTB-TabS6\",\"screen\":\"5\",\"system\":\"18490000\"}],\"time\":\"26/1/2020 14:57:59\"}', 1, 2),
(31, '{}', '{\"total\":22315500,\"totalNotSale\":23490000,\"fullName\":\"Nau Dev\",\"phone\":\"123456789\",\"address\":\"187 Dien Bien Phu, Da Kao Ward\",\"note_order\":\"\",\"dataProduct\":[{\"Id\":\"6\",\"color_by\":{\"nameColor\":\"Xanh ngọc\",\"code\":\"#4affa5\"},\"IdNow\":1582660021543,\"quality_by\":1,\"name\":\"Samsung Galaxy A51\",\"code\":\"MB-galaxyA5\",\"screen\":\"5\",\"system\":\"5000000\"},{\"Id\":\"8\",\"color_by\":{\"nameColor\":\"Gray\",\"code\":\"#c9c9c9\"},\"IdNow\":1582701443494,\"quality_by\":1,\"name\":\"Samsung Galaxy Tab S6\",\"code\":\"MTB-TabS6\",\"screen\":\"5\",\"system\":\"18490000\"}],\"time\":\"26/1/2020 15:30:21\"}', 1, 0),
(32, '{}', '{\"total\":22315500,\"totalNotSale\":23490000,\"fullName\":\"Nau Devs\",\"phone\":\"123456789s\",\"address\":\"187 Dien Bien Phu, Da Kao Wards\",\"note_order\":\"\",\"dataProduct\":[{\"Id\":\"6\",\"color_by\":{\"nameColor\":\"Xanh ngọc\",\"code\":\"#4affa5\"},\"IdNow\":1582660021543,\"quality_by\":1,\"name\":\"Samsung Galaxy A51\",\"code\":\"MB-galaxyA5\",\"screen\":\"5\",\"system\":\"5000000\"},{\"Id\":\"8\",\"color_by\":{\"nameColor\":\"Gray\",\"code\":\"#c9c9c9\"},\"IdNow\":1582701443494,\"quality_by\":1,\"name\":\"Samsung Galaxy Tab S6\",\"code\":\"MTB-TabS6\",\"screen\":\"5\",\"system\":\"18490000\"}],\"time\":\"26/1/2020 15:30:58\"}', 0, 0),
(33, '{}', '{\"total\":22315500,\"totalNotSale\":23490000,\"fullName\":\"Nau Dev\",\"phone\":\"123456789\",\"address\":\"187 Dien Bien Phu, Da Kao Ward\",\"note_order\":\"\",\"dataProduct\":[{\"Id\":\"6\",\"color_by\":{\"nameColor\":\"Xanh ngọc\",\"code\":\"#4affa5\"},\"IdNow\":1582660021543,\"quality_by\":1,\"name\":\"Samsung Galaxy A51\",\"code\":\"MB-galaxyA5\",\"screen\":\"5\",\"system\":\"5000000\"},{\"Id\":\"8\",\"color_by\":{\"nameColor\":\"Gray\",\"code\":\"#c9c9c9\"},\"IdNow\":1582701443494,\"quality_by\":1,\"name\":\"Samsung Galaxy Tab S6\",\"code\":\"MTB-TabS6\",\"screen\":\"5\",\"system\":\"18490000\"}],\"time\":\"26/1/2020 15:32:10\"}', 0, 0),
(34, '{}', '{\"total\":22315500,\"totalNotSale\":23490000,\"fullName\":\"Nau Dev\",\"phone\":\"123456789\",\"address\":\"187 Dien Bien Phu, Da Kao Ward\",\"note_order\":\"\",\"dataProduct\":[{\"Id\":\"6\",\"color_by\":{\"nameColor\":\"Xanh ngọc\",\"code\":\"#4affa5\"},\"IdNow\":1582660021543,\"quality_by\":1,\"name\":\"Samsung Galaxy A51\",\"code\":\"MB-galaxyA5\",\"screen\":\"5\",\"system\":\"5000000\"},{\"Id\":\"8\",\"color_by\":{\"nameColor\":\"Gray\",\"code\":\"#c9c9c9\"},\"IdNow\":1582701443494,\"quality_by\":1,\"name\":\"Samsung Galaxy Tab S6\",\"code\":\"MTB-TabS6\",\"screen\":\"5\",\"system\":\"18490000\"}],\"time\":\"26/1/2020 15:34:10\"}', 0, 0),
(35, '{}', '{\"total\":22315500,\"totalNotSale\":23490000,\"fullName\":\"Nau Dev\",\"phone\":\"123456789\",\"address\":\"187 Dien Bien Phu, Da Kao Ward\",\"note_order\":\"\",\"dataProduct\":[{\"Id\":\"6\",\"color_by\":{\"nameColor\":\"Xanh ngọc\",\"code\":\"#4affa5\"},\"IdNow\":1582660021543,\"quality_by\":1,\"name\":\"Samsung Galaxy A51\",\"code\":\"MB-galaxyA5\",\"screen\":\"5\",\"system\":\"5000000\"},{\"Id\":\"8\",\"color_by\":{\"nameColor\":\"Gray\",\"code\":\"#c9c9c9\"},\"IdNow\":1582701443494,\"quality_by\":1,\"name\":\"Samsung Galaxy Tab S6\",\"code\":\"MTB-TabS6\",\"screen\":\"5\",\"system\":\"18490000\"}],\"time\":\"26/1/2020 15:34:53\"}', 0, 0),
(36, '{}', '{\"total\":22315500,\"totalNotSale\":23490000,\"fullName\":\"Nau Dev\",\"phone\":\"123456789\",\"address\":\"187 Dien Bien Phu, Da Kao Ward\",\"note_order\":\"\",\"dataProduct\":[{\"Id\":\"6\",\"color_by\":{\"nameColor\":\"Xanh ngọc\",\"code\":\"#4affa5\"},\"IdNow\":1582660021543,\"quality_by\":1,\"name\":\"Samsung Galaxy A51\",\"code\":\"MB-galaxyA5\",\"screen\":\"5\",\"system\":\"5000000\"},{\"Id\":\"8\",\"color_by\":{\"nameColor\":\"Gray\",\"code\":\"#c9c9c9\"},\"IdNow\":1582701443494,\"quality_by\":1,\"name\":\"Samsung Galaxy Tab S6\",\"code\":\"MTB-TabS6\",\"screen\":\"5\",\"system\":\"18490000\"}],\"time\":\"26/1/2020 15:35:38\"}', 0, 0),
(37, '{}', '{\"total\":22315500,\"totalNotSale\":23490000,\"fullName\":\"Nau Dev\",\"phone\":\"123456789\",\"address\":\"187 Dien Bien Phu, Da Kao Ward\",\"note_order\":\"\",\"dataProduct\":[{\"Id\":\"6\",\"color_by\":{\"nameColor\":\"Xanh ngọc\",\"code\":\"#4affa5\"},\"IdNow\":1582660021543,\"quality_by\":1,\"name\":\"Samsung Galaxy A51\",\"code\":\"MB-galaxyA5\",\"screen\":\"5\",\"system\":\"5000000\"},{\"Id\":\"8\",\"color_by\":{\"nameColor\":\"Gray\",\"code\":\"#c9c9c9\"},\"IdNow\":1582701443494,\"quality_by\":1,\"name\":\"Samsung Galaxy Tab S6\",\"code\":\"MTB-TabS6\",\"screen\":\"5\",\"system\":\"18490000\"}],\"time\":\"26/1/2020 15:38:31\"}', 0, 0),
(38, '{}', '{\"total\":22315500,\"totalNotSale\":23490000,\"fullName\":\"Nau Dev\",\"phone\":\"123456789\",\"address\":\"187 Dien Bien Phu, Da Kao Ward\",\"note_order\":\"\",\"dataProduct\":[{\"Id\":\"6\",\"color_by\":{\"nameColor\":\"Xanh ngọc\",\"code\":\"#4affa5\"},\"IdNow\":1582660021543,\"quality_by\":1,\"name\":\"Samsung Galaxy A51\",\"code\":\"MB-galaxyA5\",\"screen\":\"5\",\"system\":\"5000000\"},{\"Id\":\"8\",\"color_by\":{\"nameColor\":\"Gray\",\"code\":\"#c9c9c9\"},\"IdNow\":1582701443494,\"quality_by\":1,\"name\":\"Samsung Galaxy Tab S6\",\"code\":\"MTB-TabS6\",\"screen\":\"5\",\"system\":\"18490000\"}],\"time\":\"26/1/2020 15:59:3\"}', 1, 0),
(39, '{\"authenticate\":\"Basic Zml0dGhpZW5uZ29jQGdtYWlsLmNvbToxMjMxMjM=\",\"name\":\"Thieen Ngoc\",\"email\":\"fitthienngoc@gmail.com\",\"id_user\":\"3\",\"phone\":\"\",\"permission\":\"\"}', '{\"total\":12000000,\"totalNotSale\":12000000,\"fullName\":\"Thieen Ngoc\",\"phone\":\"0982415396\",\"address\":\"Tiền Yên Hoài Đức Hà Nội\",\"note_order\":\"\",\"dataProduct\":[{\"Id\":\"10\",\"color_by\":{\"nameColor\":\"Ghi\",\"code\":\"#cfcfcf\"},\"IdNow\":1582707970951,\"quality_by\":2,\"name\":\" Samsung Galaxy A01\",\"code\":\"MB-AKJSh\",\"screen\":\"\",\"system\":\"6000000\"}],\"time\":\"26/1/2020 16:6:44\"}', 0, 0),
(40, '{\"authenticate\":\"Basic Zml0dGhpZW5uZ29jQGdtYWlsLmNvbToxMjMxMjM=\",\"name\":\"Thieen Ngoc\",\"email\":\"fitthienngoc@gmail.com\",\"id_user\":\"3\",\"phone\":\"\",\"permission\":\"\",\"oders\":[{\"Id\":\"39\",\"dataUser\":\"{\"authenticate\":\"Basic Zml0dGhpZW5uZ29jQGdtYWlsLmNvbToxMjMxMjM=\",\"name\":\"Thieen Ngoc\",\"email\":\"fitthienngoc@gmail.com\",\"id_user\":\"3\",\"phone\":\"\",\"permission\":\"\"}\",\"dataBill\":{\"authenticate\":\"Basic Zml0dGhpZW5uZ29jQGdtYWlsLmNvbToxMjMxMjM=\",\"name\":\"Thieen Ngoc\",\"email\":\"fitthienngoc@gmail.com\",\"id_user\":\"3\",\"phone\":\"\",\"permission\":\"\"},\"orderOnline\":\"0\",\"status\":\"0\"}]}', '{\"total\":12000000,\"totalNotSale\":12000000,\"fullName\":\"Thieen Ngoc\",\"phone\":\"0982415396\",\"address\":\"Gia Lai\",\"note_order\":\"\",\"dataProduct\":[{\"Id\":\"10\",\"color_by\":{\"nameColor\":\"Ghi\",\"code\":\"#cfcfcf\"},\"IdNow\":1582707970951,\"quality_by\":2,\"name\":\" Samsung Galaxy A01\",\"code\":\"MB-AKJSh\",\"screen\":\"\",\"system\":\"6000000\"}],\"time\":\"26/1/2020 16:28:16\"}', 0, 0),
(41, '{\"authenticate\":\"Basic Zml0dGhpZW5uZ29jQGdtYWlsLmNvbToxMjMxMjM=\",\"name\":\"Thieen Ngoc\",\"email\":\"fitthienngoc@gmail.com\",\"id_user\":\"3\",\"phone\":\"\",\"permission\":\"\",\"oders\":[{\"Id\":\"39\",\"dataUser\":\"{\"authenticate\":\"Basic Zml0dGhpZW5uZ29jQGdtYWlsLmNvbToxMjMxMjM=\",\"name\":\"Thieen Ngoc\",\"email\":\"fitthienngoc@gmail.com\",\"id_user\":\"3\",\"phone\":\"\",\"permission\":\"\"}\",\"dataBill\":{\"authenticate\":\"Basic Zml0dGhpZW5uZ29jQGdtYWlsLmNvbToxMjMxMjM=\",\"name\":\"Thieen Ngoc\",\"email\":\"fitthienngoc@gmail.com\",\"id_user\":\"3\",\"phone\":\"\",\"permission\":\"\"},\"orderOnline\":\"0\",\"status\":\"0\"}]}', '{\"total\":12000000,\"totalNotSale\":12000000,\"fullName\":\"Nau Dev\",\"phone\":\"123456789\",\"address\":\"187 Dien Bien Phu, Da Kao Ward\",\"note_order\":\"ad\",\"dataProduct\":[{\"Id\":\"10\",\"color_by\":{\"nameColor\":\"Ghi\",\"code\":\"#cfcfcf\"},\"IdNow\":1582707970951,\"quality_by\":2,\"name\":\" Samsung Galaxy A01\",\"code\":\"MB-AKJSh\",\"screen\":\"\",\"system\":\"6000000\"}],\"time\":\"26/1/2020 16:56:58\"}', 1, 3),
(42, '{\"authenticate\":\"Basic Zml0dGhpZW5uZ29jQGdtYWlsLmNvbToxMjMxMjM=\",\"name\":\"Thieen Ngoc\",\"email\":\"fitthienngoc@gmail.com\",\"id_user\":\"3\",\"phone\":\"\",\"permission\":\"\",\"oders\":[{\"Id\":\"39\",\"dataUser\":\"{\"authenticate\":\"Basic Zml0dGhpZW5uZ29jQGdtYWlsLmNvbToxMjMxMjM=\",\"name\":\"Thieen Ngoc\",\"email\":\"fitthienngoc@gmail.com\",\"id_user\":\"3\",\"phone\":\"\",\"permission\":\"\"}\",\"dataBill\":{\"authenticate\":\"Basic Zml0dGhpZW5uZ29jQGdtYWlsLmNvbToxMjMxMjM=\",\"name\":\"Thieen Ngoc\",\"email\":\"fitthienngoc@gmail.com\",\"id_user\":\"3\",\"phone\":\"\",\"permission\":\"\"},\"orderOnline\":\"0\",\"status\":\"0\"}]}', '{\"total\":12000000,\"totalNotSale\":12000000,\"fullName\":\"Nau Dev\",\"phone\":\"123456789\",\"address\":\"187 Dien Bien Phu, Da Kao Ward\",\"note_order\":\"sad\",\"dataProduct\":[{\"Id\":\"10\",\"color_by\":{\"nameColor\":\"Ghi\",\"code\":\"#cfcfcf\"},\"IdNow\":1582707970951,\"quality_by\":2,\"name\":\" Samsung Galaxy A01\",\"code\":\"MB-AKJSh\",\"screen\":\"\",\"system\":\"6000000\"}],\"time\":\"26/1/2020 16:57:52\"}', 0, 3),
(43, '{\"authenticate\":\"Basic Zml0dGhpZW5uZ29jQGdtYWlsLmNvbToxMjMxMjM=\",\"name\":\"Thieen Ngoc\",\"email\":\"fitthienngoc@gmail.com\",\"id_user\":\"3\",\"phone\":\"\",\"permission\":\"\",\"oders\":[{\"Id\":\"39\",\"dataUser\":\"{\"authenticate\":\"Basic Zml0dGhpZW5uZ29jQGdtYWlsLmNvbToxMjMxMjM=\",\"name\":\"Thieen Ngoc\",\"email\":\"fitthienngoc@gmail.com\",\"id_user\":\"3\",\"phone\":\"\",\"permission\":\"\"}\",\"dataBill\":{\"authenticate\":\"Basic Zml0dGhpZW5uZ29jQGdtYWlsLmNvbToxMjMxMjM=\",\"name\":\"Thieen Ngoc\",\"email\":\"fitthienngoc@gmail.com\",\"id_user\":\"3\",\"phone\":\"\",\"permission\":\"\"},\"orderOnline\":\"0\",\"status\":\"0\"}]}', '{\"total\":12000000,\"totalNotSale\":12000000,\"fullName\":\"Nguyễn Thiên Ngọc\",\"phone\":\"087874525\",\"address\":\"Tiền Yên, Hoài Đức\",\"note_order\":\" Chúng tôi khuyến khích thanh toán onl\",\"dataProduct\":[{\"Id\":\"10\",\"color_by\":{\"nameColor\":\"Ghi\",\"code\":\"#cfcfcf\"},\"IdNow\":1582707970951,\"quality_by\":2,\"name\":\" Samsung Galaxy A01\",\"code\":\"MB-AKJSh\",\"screen\":\"\",\"system\":\"6000000\"}],\"time\":\"26/1/2020 16:59:25\"}', 0, 3),
(44, '{}', '{\"total\":8500000,\"totalNotSale\":10000000,\"fullName\":\"Nguyen Thien\",\"phone\":\"098245824\",\"address\":\"Ha Noi\",\"note_order\":\"ghi chu\",\"dataProduct\":[{\"Id\":\"2\",\"color_by\":{\"nameColor\":\"Xanh ngọc\",\"code\":\"#00d5ff\"},\"IdNow\":1587137490063,\"quality_by\":2,\"name\":\"Samsung Galaxy S20\",\"code\":\"MB-SS-S20\",\"screen\":\"15\",\"system\":\"5000000\"}],\"time\":\"17/3/2020 22:32:30\"}', 0, 1),
(45, '{\"name\":\"Thieen Ngoc\",\"email\":\"fitthienngoc@gmail.com\",\"id_user\":\"3\",\"phone\":\"\",\"orders\":[{\"Id\":\"39\",\"dataUser\":\"{\"authenticate\":\"Basic Zml0dGhpZW5uZ29jQGdtYWlsLmNvbToxMjMxMjM=\",\"name\":\"Thieen Ngoc\",\"email\":\"fitthienngoc@gmail.com\",\"id_user\":\"3\",\"phone\":\"\",\"permission\":\"\"}\",\"dataBill\":{\"total\":12000000,\"totalNotSale\":12000000,\"fullName\":\"Thieen Ngoc\",\"phone\":\"0982415396\",\"address\":\"Tiền Yên Hoài Đức Hà Nội\",\"note_order\":\"\",\"dataProduct\":[{\"Id\":\"10\",\"color_by\":{\"nameColor\":\"Ghi\",\"code\":\"#cfcfcf\"},\"IdNow\":1582707970951,\"quality_by\":2,\"name\":\" Samsung Galaxy A01\",\"code\":\"MB-AKJSh\",\"screen\":\"\",\"system\":\"6000000\"}],\"time\":\"26/1/2020 16:6:44\"},\"orderOnline\":\"0\",\"status\":\"0\"},{\"Id\":\"40\",\"dataUser\":\"{\"authenticate\":\"Basic Zml0dGhpZW5uZ29jQGdtYWlsLmNvbToxMjMxMjM=\",\"name\":\"Thieen Ngoc\",\"email\":\"fitthienngoc@gmail.com\",\"id_user\":\"3\",\"phone\":\"\",\"permission\":\"\",\"oders\":[{\"Id\":\"39\",\"dataUser\":\"{\"authenticate\":\"Basic Zml0dGhpZW5uZ29jQGdtYWlsLmNvbToxMjMxMjM=\",\"name\":\"Thieen Ngoc\",\"email\":\"fitthienngoc@gmail.com\",\"id_user\":\"3\",\"phone\":\"\",\"permission\":\"\"}\",\"dataBill\":{\"authenticate\":\"Basic Zml0dGhpZW5uZ29jQGdtYWlsLmNvbToxMjMxMjM=\",\"name\":\"Thieen Ngoc\",\"email\":\"fitthienngoc@gmail.com\",\"id_user\":\"3\",\"phone\":\"\",\"permission\":\"\"},\"orderOnline\":\"0\",\"status\":\"0\"}]}\",\"dataBill\":{\"total\":12000000,\"totalNotSale\":12000000,\"fullName\":\"Thieen Ngoc\",\"phone\":\"0982415396\",\"address\":\"Gia Lai\",\"note_order\":\"\",\"dataProduct\":[{\"Id\":\"10\",\"color_by\":{\"nameColor\":\"Ghi\",\"code\":\"#cfcfcf\"},\"IdNow\":1582707970951,\"quality_by\":2,\"name\":\" Samsung Galaxy A01\",\"code\":\"MB-AKJSh\",\"screen\":\"\",\"system\":\"6000000\"}],\"time\":\"26/1/2020 16:28:16\"},\"orderOnline\":\"0\",\"status\":\"0\"},{\"Id\":\"41\",\"dataUser\":\"{\"authenticate\":\"Basic Zml0dGhpZW5uZ29jQGdtYWlsLmNvbToxMjMxMjM=\",\"name\":\"Thieen Ngoc\",\"email\":\"fitthienngoc@gmail.com\",\"id_user\":\"3\",\"phone\":\"\",\"permission\":\"\",\"oders\":[{\"Id\":\"39\",\"dataUser\":\"{\"authenticate\":\"Basic Zml0dGhpZW5uZ29jQGdtYWlsLmNvbToxMjMxMjM=\",\"name\":\"Thieen Ngoc\",\"email\":\"fitthienngoc@gmail.com\",\"id_user\":\"3\",\"phone\":\"\",\"permission\":\"\"}\",\"dataBill\":{\"authenticate\":\"Basic Zml0dGhpZW5uZ29jQGdtYWlsLmNvbToxMjMxMjM=\",\"name\":\"Thieen Ngoc\",\"email\":\"fitthienngoc@gmail.com\",\"id_user\":\"3\",\"phone\":\"\",\"permission\":\"\"},\"orderOnline\":\"0\",\"status\":\"0\"}]}\",\"dataBill\":{\"total\":12000000,\"totalNotSale\":12000000,\"fullName\":\"Nau Dev\",\"phone\":\"123456789\",\"address\":\"187 Dien Bien Phu, Da Kao Ward\",\"note_order\":\"ad\",\"dataProduct\":[{\"Id\":\"10\",\"color_by\":{\"nameColor\":\"Ghi\",\"code\":\"#cfcfcf\"},\"IdNow\":1582707970951,\"quality_by\":2,\"name\":\" Samsung Galaxy A01\",\"code\":\"MB-AKJSh\",\"screen\":\"\",\"system\":\"6000000\"}],\"time\":\"26/1/2020 16:56:58\"},\"orderOnline\":\"1\",\"status\":\"0\"},{\"Id\":\"42\",\"dataUser\":\"{\"authenticate\":\"Basic Zml0dGhpZW5uZ29jQGdtYWlsLmNvbToxMjMxMjM=\",\"name\":\"Thieen Ngoc\",\"email\":\"fitthienngoc@gmail.com\",\"id_user\":\"3\",\"phone\":\"\",\"permission\":\"\",\"oders\":[{\"Id\":\"39\",\"dataUser\":\"{\"authenticate\":\"Basic Zml0dGhpZW5uZ29jQGdtYWlsLmNvbToxMjMxMjM=\",\"name\":\"Thieen Ngoc\",\"email\":\"fitthienngoc@gmail.com\",\"id_user\":\"3\",\"phone\":\"\",\"permission\":\"\"}\",\"dataBill\":{\"authenticate\":\"Basic Zml0dGhpZW5uZ29jQGdtYWlsLmNvbToxMjMxMjM=\",\"name\":\"Thieen Ngoc\",\"email\":\"fitthienngoc@gmail.com\",\"id_user\":\"3\",\"phone\":\"\",\"permission\":\"\"},\"orderOnline\":\"0\",\"status\":\"0\"}]}\",\"dataBill\":{\"total\":12000000,\"totalNotSale\":12000000,\"fullName\":\"Nau Dev\",\"phone\":\"123456789\",\"address\":\"187 Dien Bien Phu, Da Kao Ward\",\"note_order\":\"sad\",\"dataProduct\":[{\"Id\":\"10\",\"color_by\":{\"nameColor\":\"Ghi\",\"code\":\"#cfcfcf\"},\"IdNow\":1582707970951,\"quality_by\":2,\"name\":\" Samsung Galaxy A01\",\"code\":\"MB-AKJSh\",\"screen\":\"\",\"system\":\"6000000\"}],\"time\":\"26/1/2020 16:57:52\"},\"orderOnline\":\"0\",\"status\":\"0\"},{\"Id\":\"43\",\"dataUser\":\"{\"authenticate\":\"Basic Zml0dGhpZW5uZ29jQGdtYWlsLmNvbToxMjMxMjM=\",\"name\":\"Thieen Ngoc\",\"email\":\"fitthienngoc@gmail.com\",\"id_user\":\"3\",\"phone\":\"\",\"permission\":\"\",\"oders\":[{\"Id\":\"39\",\"dataUser\":\"{\"authenticate\":\"Basic Zml0dGhpZW5uZ29jQGdtYWlsLmNvbToxMjMxMjM=\",\"name\":\"Thieen Ngoc\",\"email\":\"fitthienngoc@gmail.com\",\"id_user\":\"3\",\"phone\":\"\",\"permission\":\"\"}\",\"dataBill\":{\"authenticate\":\"Basic Zml0dGhpZW5uZ29jQGdtYWlsLmNvbToxMjMxMjM=\",\"name\":\"Thieen Ngoc\",\"email\":\"fitthienngoc@gmail.com\",\"id_user\":\"3\",\"phone\":\"\",\"permission\":\"\"},\"orderOnline\":\"0\",\"status\":\"0\"}]}\",\"dataBill\":{\"total\":12000000,\"totalNotSale\":12000000,\"fullName\":\"Nguyễn Thiên Ngọc\",\"phone\":\"087874525\",\"address\":\"Tiền Yên, Hoài Đức\",\"note_order\":\" Chúng tôi khuyến khích thanh toán onl\",\"dataProduct\":[{\"Id\":\"10\",\"color_by\":{\"nameColor\":\"Ghi\",\"code\":\"#cfcfcf\"},\"IdNow\":1582707970951,\"quality_by\":2,\"name\":\" Samsung Galaxy A01\",\"code\":\"MB-AKJSh\",\"screen\":\"\",\"system\":\"6000000\"}],\"time\":\"26/1/2020 16:59:25\"},\"orderOnline\":\"0\",\"status\":\"3\"}]}', '{\"total\":8500000,\"totalNotSale\":10000000,\"fullName\":\"Thien Ngoc\",\"phone\":\"098525585\",\"address\":\"Hoai Duc Ha Noi\",\"note_order\":\"ghi chu\",\"dataProduct\":[{\"Id\":\"2\",\"color_by\":{\"nameColor\":\"Xanh ngọc\",\"code\":\"#00d5ff\"},\"IdNow\":1587561625659,\"quality_by\":2,\"name\":\"Samsung Galaxy S20\",\"code\":\"MB-SS-S20\",\"screen\":\"15\",\"system\":\"5000000\"}],\"time\":\"22/3/2020 20:21:40\"}', 0, 3),
(46, '{}', '{\"total\":12000000,\"totalNotSale\":12000000,\"fullName\":\"Tran Van Anh\",\"phone\":\"01238213\",\"address\":\"Buon Ma Thuat\",\"note_order\":\"mua dien thoai\",\"dataProduct\":[{\"Id\":\"10\",\"color_by\":{\"nameColor\":\"Ghi\",\"code\":\"#cfcfcf\"},\"IdNow\":1588869589997,\"quality_by\":2,\"name\":\" Samsung Galaxy A01\",\"code\":\"MB-AKJSh\",\"screen\":\"\",\"system\":\"6000000\"}],\"time\":\"7/4/2020 23:40:33\"}', 1, 1),
(47, '{}', '{\"total\":4250000,\"totalNotSale\":5000000,\"fullName\":\"Nguoi Van Chuyen\",\"phone\":\"0123456789\",\"address\":\"187 Dien Bien Phu, Da Kao Ward\",\"note_order\":\"\",\"dataProduct\":[{\"Id\":\"2\",\"color_by\":{\"nameColor\":\"Xanh ngọc\",\"code\":\"#00d5ff\"},\"IdNow\":1588869832417,\"quality_by\":1,\"name\":\"Samsung Galaxy S20\",\"code\":\"MB-SS-S20\",\"screen\":\"15\",\"system\":\"5000000\"}],\"time\":\"7/4/2020 23:50:9\"}', 1, 2),
(48, '{}', '{\"total\":6000000,\"totalNotSale\":6000000,\"fullName\":\"Nau DevSSS\",\"phone\":\"123456789\",\"address\":\"187 Dien Bien Phu, Da Kao Ward\",\"note_order\":\"\",\"dataProduct\":[{\"Id\":\"10\",\"color_by\":{\"nameColor\":\"Ghi\",\"code\":\"#cfcfcf\"},\"IdNow\":1588870298031,\"quality_by\":1,\"name\":\" Samsung Galaxy A01\",\"code\":\"MB-AKJSh\",\"screen\":\"\",\"system\":\"6000000\"}],\"time\":\"7/4/2020 23:51:58\"}', 1, 3);

-- --------------------------------------------------------

--
-- Cấu trúc bảng cho bảng `products`
--

CREATE TABLE `products` (
  `Id` int(11) NOT NULL,
  `code` varchar(30) COLLATE utf8mb4_unicode_ci NOT NULL,
  `name` varchar(200) COLLATE utf8mb4_unicode_ci NOT NULL,
  `quality` int(11) NOT NULL,
  `screen` varchar(200) COLLATE utf8mb4_unicode_ci NOT NULL COMMENT 'giảm giá',
  `screenName` varchar(200) COLLATE utf8mb4_unicode_ci NOT NULL,
  `screenPixel` varchar(200) COLLATE utf8mb4_unicode_ci NOT NULL,
  `screenWidth` varchar(200) COLLATE utf8mb4_unicode_ci NOT NULL,
  `screenCam_ung` varchar(200) COLLATE utf8mb4_unicode_ci NOT NULL,
  `system` varchar(200) COLLATE utf8mb4_unicode_ci NOT NULL COMMENT 'giá',
  `front_camera` varchar(1000) COLLATE utf8mb4_unicode_ci NOT NULL COMMENT 'banner product',
  `front_cameraDoPhanGiai` varchar(200) COLLATE utf8mb4_unicode_ci NOT NULL,
  `front_cameraVideoCall` varchar(200) COLLATE utf8mb4_unicode_ci NOT NULL,
  `front_cameraFlash` varchar(200) COLLATE utf8mb4_unicode_ci NOT NULL,
  `front_cameraNangCao` varchar(500) COLLATE utf8mb4_unicode_ci NOT NULL,
  `back_camera` varchar(200) COLLATE utf8mb4_unicode_ci NOT NULL,
  `back_cameraDoPhanGiai` varchar(200) COLLATE utf8mb4_unicode_ci NOT NULL,
  `back_cameraQuayPhim` varchar(200) COLLATE utf8mb4_unicode_ci NOT NULL,
  `back_cameraFlash` tinyint(1) NOT NULL,
  `back_cameraNangCao` varchar(500) COLLATE utf8mb4_unicode_ci NOT NULL,
  `cpu` varchar(1000) COLLATE utf8mb4_unicode_ci NOT NULL COMMENT 'color',
  `cpuHeDH` varchar(500) COLLATE utf8mb4_unicode_ci NOT NULL,
  `cpuChipset` varchar(20) COLLATE utf8mb4_unicode_ci NOT NULL,
  `cpuSpeed` varchar(200) COLLATE utf8mb4_unicode_ci NOT NULL,
  `cpuChipDoHoa` varchar(200) COLLATE utf8mb4_unicode_ci NOT NULL,
  `ram` varchar(20) COLLATE utf8mb4_unicode_ci NOT NULL,
  `rom` varchar(20) COLLATE utf8mb4_unicode_ci NOT NULL,
  `memorySD` varchar(200) COLLATE utf8mb4_unicode_ci NOT NULL,
  `sim` varchar(200) COLLATE utf8mb4_unicode_ci NOT NULL,
  `mangDiDong` varchar(200) COLLATE utf8mb4_unicode_ci NOT NULL,
  `wifi` varchar(200) COLLATE utf8mb4_unicode_ci NOT NULL,
  `gps` varchar(200) COLLATE utf8mb4_unicode_ci NOT NULL,
  `bluetooth` varchar(200) COLLATE utf8mb4_unicode_ci NOT NULL,
  `ketNoiKhac` varchar(200) COLLATE utf8mb4_unicode_ci NOT NULL,
  `pin` varchar(200) COLLATE utf8mb4_unicode_ci NOT NULL,
  `pinDungLuong` varchar(200) COLLATE utf8mb4_unicode_ci NOT NULL,
  `pinType` varchar(200) COLLATE utf8mb4_unicode_ci NOT NULL,
  `pinCongNghe` varchar(200) COLLATE utf8mb4_unicode_ci NOT NULL,
  `categories` varchar(1000) COLLATE utf8mb4_unicode_ci NOT NULL,
  `chat_lieu` varchar(200) COLLATE utf8mb4_unicode_ci NOT NULL,
  `trong_luong` varchar(100) COLLATE utf8mb4_unicode_ci NOT NULL,
  `tinh_nang_dac_biet` varchar(1000) COLLATE utf8mb4_unicode_ci NOT NULL,
  `thietKe` varchar(200) COLLATE utf8mb4_unicode_ci NOT NULL,
  `pictures` varchar(1000) COLLATE utf8mb4_unicode_ci NOT NULL,
  `rating` int(11) NOT NULL,
  `order_count` int(11) NOT NULL
) ENGINE=InnoDB DEFAULT CHARSET=utf8mb4 COLLATE=utf8mb4_unicode_ci;

--
-- Đang đổ dữ liệu cho bảng `products`
--

INSERT INTO `products` (`Id`, `code`, `name`, `quality`, `screen`, `screenName`, `screenPixel`, `screenWidth`, `screenCam_ung`, `system`, `front_camera`, `front_cameraDoPhanGiai`, `front_cameraVideoCall`, `front_cameraFlash`, `front_cameraNangCao`, `back_camera`, `back_cameraDoPhanGiai`, `back_cameraQuayPhim`, `back_cameraFlash`, `back_cameraNangCao`, `cpu`, `cpuHeDH`, `cpuChipset`, `cpuSpeed`, `cpuChipDoHoa`, `ram`, `rom`, `memorySD`, `sim`, `mangDiDong`, `wifi`, `gps`, `bluetooth`, `ketNoiKhac`, `pin`, `pinDungLuong`, `pinType`, `pinCongNghe`, `categories`, `chat_lieu`, `trong_luong`, `tinh_nang_dac_biet`, `thietKe`, `pictures`, `rating`, `order_count`) VALUES
(2, 'MB-SS-S20', 'Samsung Galaxy S20', 0, '15', 'Dynamic AMOLED 2X', '2K+ (1440 x 3200 Pixels)', '6.2\"', 'Kính cường lực Corning Gorilla Glass 6', '5000000', '{\"name\":\"800-300-800x300-27.png\",\"type\":\"image/png\",\"size\":\"69 kB\",\"base64\":\"http://www.api.tnshop/files/rm3vdt5i1583204615TN-Shop.png\",\"file\":[]}', '10 MP', 'Hỗ trợ VideoCall thông qua ứng dụng', 'Đang cập nhật', 'HDR, Góc rộng (Wide), Tự động lấy nét (AF), Quay video Full HD, Làm đẹp (Beautify), Nhận diện khuôn mặt, Chụp bằng cử chỉ, Flash màn hình, Nhãn dán (AR Stickers), Quay phim 4K, Xoá phông', '', 'Chính 64 MP & phụ 12 MP, 12 MP', 'Quay phim HD 720p@960fps, Quay phim FullHD 1080p@30fps, Quay phim FullHD 1080p@60fps, Quay phim FullHD 1080p@240fps, Quay phim 4K 2160p@30fps, Quay phim 4K 2160p@60fps, Quay phim 8K 4320p@24fps', 1, '	Zoom quang học, Góc rộng (Wide), Góc siêu rộng (Ultrawide), Trôi nhanh thời gian (Time Lapse), Ban đêm (Night Mode), Xoá phông, Quay chậm (Slow Motion), Quay siêu chậm (Super Slow Motion), Điều chỉnh khẩu độ, Lấy nét theo pha (PDAF), A.I Camera, Tự động lấy nét (AF), Chạm lấy nét, Nhận diện khuôn mặt, HDR, Toàn cảnh (Panorama), Chống rung quang học (OIS), Làm đẹp (Beautify), Chuyên nghiệp (Pro)', '[{\"nameColor\":\"Xanh ngọc\",\"code\":\"#00d5ff\"},{\"nameColor\":\"Đỏ\",\"code\":\"#fa5555\"},{\"nameColor\":\"Trắng\",\"code\":\"#ffffff\"}]', 'Android 10', 'Exynos 990 8 nhân', '2 nhân 2.73 GHz, 2 nhân 2.6 GHz & 4 nhân 2.0 GHz', 'Mali-G77 MP11', '8 GB', '128 GB', 'MicroSD, hỗ trợ tối đa 1 TB', '2 SIM Nano (SIM 2 chung khe thẻ nhớ)', 'Hỗ trợ 4G', 'Wi-Fi 802.11 a/b/g/n/ac/ax, Dual-band, Wi-Fi Direct, Wi-Fi hotspot', 'BDS, A-GPS, GLONASS', 'LE, A2DP, apt-X, v5.0', 'NFC, OTG', 'Đang cập nhật', '4000 mAh', 'Pin chuẩn Li-Ion', 'Tiết kiệm pin, Siêu tiết kiệm pin, Sạc pin nhanh, Sạc pin không dây, Sạc ngược không dây', '[{\"value\":\"10\",\"label\":\"Quảng Cáo\",\"logo\":\"http://www.api.tnshop/files/bnbj2kaw1582801894TN-Shop.png\"},{\"value\":\"12\",\"label\":\"ĐT Đang Hot\",\"logo\":\"http://www.api.tnshop/files/ob0sddzu1582800877TN-Shop.jpeg\"},{\"value\":\"17\",\"label\":\"ANDROID\",\"logo\":\"http://www.api.tnshop/files/oq2rm4cj1582801586TN-Shop.png\"}]', 'Khung kim loại & Mặt lưng kính cường lực', '163 g', 'Dolby Audio™, Chuẩn Kháng nước, Chuẩn kháng bụi, Sạc pin cho thiết bị khác, Đèn pin, Sạc pin không dây, Chạm 2 lần sáng màn hình, Sạc pin nhanh, Samsung DeX, Nhân bản ứng dụng, Samsung Pay, Thu nhỏ màn hình sử dụng một tay, Trợ lý ảo Samsung Bixby, Màn hình luôn hiển thị AOD, Chặn tin nhắn, Ghi âm cuộc gọi, Chặn cuộc gọi', 'Nguyên khối', '[{\"name\":\"samsung-galaxy-s20-ultra-128gb.jpg\",\"type\":\"image/jpeg\",\"size\":\"42 kB\",\"base64\":\"http://www.api.tnshop/files/xmydesds1582794220TN-Shop.jpeg\",\"file\":[]},{\"name\":\"samsung-galaxy-s20-5g (3).jpg\",\"type\":\"image/jpeg\",\"size\":\"28 kB\",\"base64\":\"http://www.api.tnshop/files/5fngxv3x1582794246TN-Shop.jpeg\",\"file\":[]}]', 2, 30),
(5, 'MB-OppoRno2F', 'Điện thoại OPPO Reno2 F', 5, '10', 'AMOLED', 'Full HD+ (1080 x 2340 Pixels)', '6.5\"', 'Kính cường lực Corning Gorilla Glass 5', '600000', '{\"name\":\"big-oppo-800-300-800x300-1.png\",\"type\":\"image/png\",\"size\":\"72 kB\",\"base64\":\"http://www.api.tnshop/files/mbnhvzy71583204819TN-Shop.png\",\"file\":[]}', '16 MP', 'Hỗ trợ VideoCall thông qua ứng dụng', 'Đang cập nhật', 'Xoá phông, Làm đẹp (Selfie A.I Beauty), Flash màn hình, Quay video HD, Chụp bằng cử chỉ, Nhận diện khuôn mặt, Quay video Full HD, Tự động lấy nét (AF), HDR', '', 'Chính 48 MP & Phụ 8 MP, 2 MP, 2 MP', 'Quay phim HD 720p@30fps, Quay phim FullHD 1080p@30fps', 1, 'Lấy nét theo pha (PDAF), A.I Camera, Ban đêm (Night Mode), Trôi nhanh thời gian (Time Lapse), Quay chậm (Slow Motion), Xoá phông, Chụp bằng cử chỉ, Góc rộng (Wide), Góc siêu rộng (Ultrawide), Tự động lấy nét (AF), Chạm lấy nét, Nhận diện khuôn mặt, HDR, Toàn cảnh (Panorama), Làm đẹp (Beautify), Chuyên nghiệp (Pro)', '[{\"nameColor\":\"Xanh ngọc\",\"code\":\"#00a0ff\"},{\"nameColor\":\"Hồng\",\"code\":\"#d835ff\"}]', '	Android 9.0 (Pie)', 'MediaTek Helio P70 8', '4 nhân 2.1 GHz & 4 nhân 2.0 GHz', 'Mali-G72 MP3', '8 GB', '128 GB', 'MicroSD, hỗ trợ tối đa 256 GB', '2 Nano SIM', 'Hỗ trợ 4G', 'Wi-Fi 802.11 a/b/g/n/ac, Dual-band, Wi-Fi Direct, Wi-Fi hotspot', 'BDS, A-GPS, GLONASS', 'A2DP, LE, v4.2', 'OTG', '', '4000 mAh', 'Pin chuẩn Li-Po', 'Tiết kiệm pin, Siêu tiết kiệm pin, Sạc nhanh VOOC', '[{\"value\":\"10\",\"label\":\"Quảng Cáo\",\"logo\":\"http://www.api.tnshop/files/bnbj2kaw1582801894TN-Shop.png\"},{\"value\":\"11\",\"label\":\"Slide Web Site\",\"logo\":\"http://www.api.tnshop/files/0hv6kdn21582801908TN-Shop.png\"},{\"value\":\"17\",\"label\":\"ANDROID\",\"logo\":\"http://www.api.tnshop/files/oq2rm4cj1582801586TN-Shop.png\"},{\"value\":\"12\",\"label\":\"ĐT Đang Hot\",\"logo\":\"http://www.api.tnshop/files/ob0sddzu1582800877TN-Shop.jpeg\"}]', 'Khung nhựa & Mặt lưng kính', '195 g', 'Mở khoá khuôn mặt, Mở khoá vân tay dưới màn hình,\n	Dolby Audio™\nTrợ lý ảo Google Assistant\nSạc pin nhanh\nGhi âm cuộc gọi\nChặn cuộc gọi\nChặn tin nhắn\nNhân bản ứng dụng\nĐa cửa sổ (chia đôi màn hình)\nĐèn pin', 'Nguyên khối', '[{\"name\":\"oppo-reno2-f-400x460.png\",\"type\":\"image/png\",\"size\":\"181 kB\",\"base64\":\"http://www.api.tnshop/files/zzt4jens1582801926TN-Shop.png\",\"file\":[]},{\"name\":\"oppo-reno2-f-note-2.jpg\",\"type\":\"image/jpeg\",\"size\":\"146 kB\",\"base64\":\"http://www.api.tnshop/files/be4num8v1582801999TN-Shop.jpeg\",\"file\":[]},{\"name\":\"oppo-reno2-f-note-2.jpg\",\"type\":\"image/jpeg\",\"size\":\"146 kB\",\"base64\":\"http://www.api.tnshop/files/vb2vygo21582801926TN-Shop.jpeg\",\"file\":[]}]', 4, 23),
(6, 'MB-galaxyA5', 'Samsung Galaxy A51', 10, '5', 'Super AMOLED', 'Full HD+ (1080 x 2400 Pixels)', '	6.5\"', '	Kính cường lực Corning Gorilla Glass 3', '5000000', '{\"name\":\"800-300-800x300-20.png\",\"type\":\"image/png\",\"size\":\"48 kB\",\"base64\":\"http://www.api.tnshop/files/hp4y7kcz1583204858TN-Shop.png\",\"file\":[]}', '	32 MP', 'Hỗ trợ VideoCall thông qua ứng dụng', 'Đang cập nhật', 'Tự động lấy nét (AF), A.I Camera, Xoá phông, Quay phim 4K, Flash màn hình, Quay video HD, Nhận diện khuôn mặt, Làm đẹp (Beautify), Quay video Full HD, Góc rộng (Wide)', '', 'Chính 48 MP & Phụ 12 MP, 5 MP, 5 MP', 'Quay phim HD 720p@30fps, Quay phim HD 720p@240fps, Quay phim FullHD 1080p@30fps, Quay phim 4K 2160p@30fps', 1, '	Quay siêu chậm (Super Slow Motion), Lấy nét theo pha (PDAF), Ban đêm (Night Mode), Trôi nhanh thời gian (Time Lapse), Quay chậm (Slow Motion), Xoá phông, Siêu cận (Macro), Góc siêu rộng (Ultrawide), Chụp bằng cử chỉ, Tự động lấy nét (AF), Chạm lấy nét, Nhận diện khuôn mặt, HDR, Toàn cảnh (Panorama), Làm đẹp (Beautify), Chuyên nghiệp (Pro)', '[{\"nameColor\":\"Xanh ngọc\",\"code\":\"#4affa5\"},{\"nameColor\":\"Đỏ Tươi\",\"code\":\"#ff1010\"}]', 'Android 10', 'Exynos 9611 8 nhân', '	4 nhân 2.3 Ghz & 4 nhân 1.7 GHz', 'U)	Mali-G72', '6 GB', '128 GB', 'MicroSD, hỗ trợ tối đa 1 TB', '2 SIM Nano (SIM 2 chung khe thẻ nhớ)', 'Hỗ trợ 4G', 'Wi-Fi 802.11 a/b/g/n/ac/ax, Dual-band, Wi-Fi Direct, Wi-Fi hotspot', 'BDS, A-GPS, GLONASS', 'A2DP, LE, v4.2', 'NFC, OTG', '', 'Đang cập nhật', 'Đang cập nhật', 'Đang cập nhật', '[{\"value\":\"12\",\"label\":\"ĐT Đang Hot\",\"logo\":\"data:image/jpeg;base64,/9j/4AAQSkZJRgABAQAAAQABAAD/2wBDAAYEBAUEBAYFBQUGBgYHCQ4JCQgICRINDQoOFRIWFhUSFBQXGiEcFxgfGRQUHScdHyIjJSUlFhwpLCgkKyEkJST/2wBDAQYGBgkICREJCREkGBQYJCQkJCQkJCQkJCQkJCQkJCQkJCQkJCQkJCQkJCQkJCQkJCQkJCQkJCQkJCQkJCQkJCT/wAARCAHCAyADASIAAhEBAxEB/8QAHAABAQEAAwEBAQAAAAAAAAAAAAIBBgcIBQQD/8QAWBAAAgEDAgICCwcODAQGAwAAAAECAwQRBQYHEiExCBMUQVFhcYGRobEVIjJCcrLBFxgjMzU3UlVic3SSlNEWJCY0Q1NWgpOz0uJEVISiJSc2g6PhY2TC/8QAGwEBAAIDAQEAAAAAAAAAAAAAAAEFAwQGAgf/xAA1EQEAAgEDAQUECQQDAQAAAAAAAQIDBAURMRIhMkFRE3GBkQYUIjM0QmGhsRVSwdEjQ+Hw/9oADAMBAAIRAxEAPwDvMAGJ7AAAAAAAADTDQNRqMRoFI1GIpAaikSikSKRSJRSDypFIlFICkUiUWgNRSJRSJgUikSikBSNRiKQGo1GIoDUajEagNAAAAAAAAAAAAAAAAAAAAAAAAAAAAAAAAAAAAAAAAAAAAAAABjMZrMYEsxlEgYyWUyWBLJZTMYEMllslgQyWWyGQJZLLZDAlkspksJSyWUzGEpZLKZJAlmMpkgYYaYwAAAAAAAAAAAAAAAAAAAAAAjTEaBpRJQGlIlFICkajEUiUNRSMRSCGotEItAUikSikBSKRKKQgUikSikSNRSMRqA0oxGgaajDUBoAAAAAAAAAAAAAAAAAAAAAAAAAAAAAAAAAAAAAAAAAAAAAAAMZhpgGGM0wCWYzWYwJZLKZLAlkspksgSyWUyWBL', 'Đang cập nhật', 'Đang cập nhật', '	Đèn pin\nChạm 2 lần sáng màn hình\nSạc pin nhanh\nChặn cuộc gọi\nGhi âm cuộc gọi\nChặn tin nhắn\nMặt kính 2.5D\nMàn hình luôn hiển thị AOD\nTrợ lý ảo Samsung Bixby\nThu nhỏ màn hình sử dụng một tay\nNhân bản ứng dụng\nKhông gian trò chơi', 'Đang cập nhật', '[{\"name\":\"samsung-galaxy-a51-white-400x460.png\",\"type\":\"image/png\",\"size\":\"188 kB\",\"base64\":\"http://www.api.tnshop/files/ek202vvv1583204858TN-Shop.png\",\"file\":[]},{\"name\":\"samsung-galaxy-a51-note.jpg\",\"type\":\"image/jpeg\",\"size\":\"176 kB\",\"base64\":\"http://www.api.tnshop/files/zrtnnr3q1583204858TN-Shop.jpeg\",\"file\":[]}]', 4, 32),
(7, 'MB-ip11', 'iPhone 11 Pro Max 64GB', 20, '', 'OLED', '2K+ (1440 x 3200 Pixels)', '6.5\"', 'Kính cường lực Corning Gorilla Glass 5', '20000000', '{\"name\":\"big-iphone-800-300-800x300-3.png\",\"type\":\"image/png\",\"size\":\"50 kB\",\"base64\":\"http://www.api.tnshop/files/77zehzyq1583204882TN-Shop.png\",\"file\":[]}', '	12 MP', '	Có', 'Đang cập nhật', 'Xoá phông, Quay phim 4K, Nhãn dán (AR Stickers), Retina Flash, Quay video HD, Nhận diện khuôn mặt, Quay video Full HD, Tự động lấy nét (AF), HDR, Quay chậm (Slow Motion)', '', '3 camera 12 MP', 'Quay phim HD 720p@30fps, Quay phim FullHD 1080p@30fps, Quay phim FullHD 1080p@60fps, Quay phim FullHD 1080p@120fps, Quay phim FullHD 1080p@240fps, Quay phim 4K 2160p@24fps, Quay phim 4K 2160p@30fps, Q', 1, '	Góc rộng (Wide), Xoá phông, Quay chậm (Slow Motion), Trôi nhanh thời gian (Time Lapse), Ban đêm (Night Mode), Góc siêu rộng (Ultrawide), Tự động lấy nét (AF), Chạm lấy nét, Nhận diện khuôn mặt, HDR, Toàn cảnh (Panorama), Chống rung quang học (OIS)', '[{\"nameColor\":\"Gray\",\"code\":\"#d1d1d1\"}]', 'Đang cập nhật', 'Đang cập nhật', 'Đang cập nhật', 'Đang cập nhật', 'Đang cập nhật', 'Đang cập nhật', 'Đang cập nhật', 'Đang cập nhật', 'Đang cập nhật', 'Đang cập nhật', 'Đang cập nhật', 'Đang cập nhật', 'Đang cập nhật', '', 'Đang cập nhật', 'Đang cập nhật', 'Đang cập nhật', '[{\"value\":\"9\",\"label\":\"IPHONE\",\"logo\":\"data:image/jpeg;base64,/9j/4AAQSkZJRgABAQAAAQABAAD/2wBDAAMCAgMCAgMDAwMEAwMEBQgFBQQEBQoHBwYIDAoMDAsKCwsNDhIQDQ4RDgsLEBYQERMUFRUVDA8XGBYUGBIUFRT/2wBDAQMEBAUEBQkFBQkUDQsNFBQUFBQUFBQUFBQUFBQUFBQUFBQUFBQUFBQUFBQUFBQUFBQUFBQUFBQUFBQUFBQUFBT/wgARCAO+A+gDASIAAhEBAxEB/8QAHQABAAEEAwEAAAAAAAAAAAAAAAECAwcIBAUGCf/EABcBAQEBAQAAAAAAAAAAAAAAAAABAgP/2gAMAwEAAhADEAAAAdqQAAAAAAAAAAAAAAAAAAAAAAAAAAAAAAAAAAAAAAAAAAAAAAAAAAAAAAAAAAAAAAAAAAAAAAAAAAAAAAAAAAAAAAAAAAAAAAAAAAAAAAAAAAAAAAAAAAAAAAAAAAAAAAAAAAAAAAAAAAAAAAAAAAAAAAAAAAAAAAAAAAAAAAAAAAAAAAAAAAAAAAAAAAAAAAAAAAAAAAAAAAAAAAAAAAAAAAAAAAAAAAAAAAAAAAAAAAAAAAAAAAAAAAAAAAAAAAAAAAAAAAAAAAAAAAAAAAAAAAAAAAAAAAAAAAAAAAAAAAAAAAAAAAAAAAAAAAAAAAAAAAAAAAAAAAAAAAAAAAAAAAAAAAAAAAAAAAAAAAAAAAAAAAAAAAAAAAAAAAAAAAAAAAAAAAAAAAAAAAAAAAAAAAAAAAAAAAAAAAAAAAAAAAAAAAAAAAAAAAAAAAAAAAAAAAAAAAAAAAAAAAAAAAAAAAAAAAAAAAAAAAAAAAAAAAAAAAAAAAAAAAAAAAAAAAAAAAAAAAAAAAAAAAAAAAAAAAACCUEIpWYsWTmPC+RM1Oo7UugAAAAAAAAAAAAAAAAAAAAAAAAAAAAAAAAAAAAAAAAAAAAAAA', 'Đang cập nhật', 'Đang cập nhật', 'Đang cập nhật', 'Đang cập nhật', '[{\"name\":\"tu1ea3i xuu1ed1ng.jfif\",\"type\":\"image/jpeg\",\"size\":\"2 kB\",\"base64\":\"http://www.api.tnshop/files/xknp3i4j1583129404TN-Shop.jpeg\",\"file\":[]},{\"name\":\"iphone-11-pro-max-note.jpg\",\"type\":\"image/jpeg\",\"size\":\"135 kB\",\"base64\":\"http://www.api.tnshop/files/2ewshgu31583129404TN-Shop.jpeg\",\"file\":[]},{\"name\":\"iphone-11-pro-max-mau-bac-1-org.jpg\",\"type\":\"image/jpeg\",\"size\":\"241 kB\",\"base64\":\"http://www.api.tnshop/files/6ykk247m1583129404TN-Shop.jpeg\",\"file\":[]}]', 0, 0),
(8, 'MTB-TabS6', 'Samsung Galaxy Tab S6', 10, '5', 'Super AMOLED', '2560 x 1600 pixels', '10.5\"', 'Đang cập nhật', '18490000', '{\"name\":\"vi-vn-samsung-galaxy-tab-s6-pinkhung.jpg\",\"type\":\"image/jpeg\",\"size\":\"69 kB\",\"base64\":\"http://www.api.tnshop/files/on7rdwba1583204896TN-Shop.jpeg\",\"file\":[]}', '8 MP', 'Đang cập nhật', 'Đang cập nhật', 'Đang cập nhật', '', 'Chính 13 MP & Phụ 5 MP', 'Ultra HD@30fps', 1, '	Chế độ làm đẹp, Chụp hình góc rộng, Chụp hình góc siêu rộng, Tự động lấy nét, Chạm lấy nét, Nhận diện khuôn mặt, HDR, Panorama', '[{\"nameColor\":\"Gray\",\"code\":\"#c9c9c9\"},{\"nameColor\":\"Đen\",\"code\":\"#000000\"}]', 'Android 9.0 (Pie)', '	Snapdragon 855 8 nh', '	1 nhân 2.84 GHz, 3 nhân 2.41 GHz & 4 nhân 1.78 GHz', 'Adreno 640', '	6 GB', '128 GB', 'Micro SD 	512 GB', '1 SIM Nano Sim', 'Có 3G,4G', 'Wi-Fi 802.11 a/b/g/n/ac, Wi-Fi Direct, Dual-band, Wi-Fi hotspot', 'GPS, GLONASS', 'LE, A2DP, apt-X, v5.0', 'NFC, OTG', '', '7040 mAh', 'Pin chuẩn Li-Ion', 'Đang cập nhật', '[{\"value\":\"14\",\"label\":\"Máy tính bảng\",\"logo\":\"http://www.api.tnshop/files/cupymbzy1587136784TN-Shop.png\"},{\"value\":\"16\",\"label\":\"IOS\",\"logo\":\"http://www.api.tnshop/files/ae88ptzt1582801534TN-Shop.jpeg\"}]', 'Kim loại', '420 g', 'Đang cập nhật', 'Dài 244.5 mm - Ngang 159.5 mm - Dày 5.7 mm', '[{\"name\":\"samsung-galaxy-tab-s6-note.jpg\",\"type\":\"image/jpeg\",\"size\":\"203 kB\",\"base64\":\"http://www.api.tnshop/files/87caj5ny1583129429TN-Shop.jpeg\",\"file\":[]},{\"name\":\"vi-vn-samsung-galaxy-tab-s6-thietke.jpg\",\"type\":\"image/jpeg\",\"size\":\"88 kB\",\"base64\":\"http://www.api.tnshop/files/j5fipkr31583129429TN-Shop.jpeg\",\"file\":[]},{\"name\":\"samsung-galaxy-tab-s6-400x460.png\",\"type\":\"image/png\",\"size\":\"164 kB\",\"base64\":\"http://www.api.tnshop/files/4tc62g2k1583129429TN-Shop.png\",\"file\":[]}]', 3, 34),
(9, 'MTB-iPad10.2', 'iPad 10.2 inch Wifi 128GB (2019)', 3, '', 'LED backlit LCD', '2160 x 1620 pixels', '10.2\"', 'Đang cập nhật', '12000000', '{\"name\":\"vi-vn-ipad-10-2-inch-wifi-128gb-2019-tinhnang.jpg\",\"type\":\"image/jpeg\",\"size\":\"134 kB\",\"base64\":\"http://www.api.tnshop/files/amt7ctu21583204927TN-Shop.jpeg\",\"file\":[]}', '1.2 MP', 'Đang cập nhật', 'Đang cập nhật', 'Đang cập nhật', '', '8 MP', 'Full HD 1080p@30fps', 0, 'Gắn thẻ địa lý, Tự động lấy nét, Chạm lấy nét, Nhận diện khuôn mặt, Panorama, Slow Motion', '[{\"nameColor\":\"Hồng\",\"code\":\"#f9cfcf\"},{\"nameColor\":\"Ghi\",\"code\":\"#beb7b7\"}]', 'iOS 13', 'Apple A10 Fusion 4 n', '2.34 GHz', 'PowerVR Series 7', '3 GB', '128 GB', 'Không', 'Đang cập nhật', 'Đang cập nhật', 'Đang cập nhật', 'Đang cập nhật', 'Đang cập nhật', 'Đang cập nhật', '', 'Khoảng 8600 mAh', 'Lithium - Ion', 'Đang cập nhật', '[{\"value\":\"14\",\"label\":\"Máy tính bảng\",\"logo\":\"http://www.api.tnshop/files/cupymbzy1587136784TN-Shop.png\"},{\"value\":\"11\",\"label\":\"Slide Web Site\",\"logo\":\"http://www.api.tnshop/files/0hv6kdn21582801908TN-Shop.png\"}]', 'Đang cập nhật', 'Đang cập nhật', 'Đang cập nhật', 'Đang cập nhật', '[{\"name\":\"ipad-10-2-inch-wifi-128gb-2019-silver-400x460.png\",\"type\":\"image/png\",\"size\":\"160 kB\",\"base64\":\"http://www.api.tnshop/files/ibjgarw01583204927TN-Shop.png\",\"file\":[]},{\"name\":\"vi-vn-ipad-10-2-inch-wifi-128gb-2019-tienich.jpg\",\"type\":\"image/jpeg\",\"size\":\"137 kB\",\"base64\":\"http://www.api.tnshop/files/hongp0o41583204927TN-Shop.jpeg\",\"file\":[]},{\"name\":\"vi-vn-ipad-10-2-inch-wifi-128gb-2019-thietke.jpg\",\"type\":\"image/jpeg\",\"size\":\"81 kB\",\"base64\":\"http://www.api.tnshop/files/t3pxnqfi1583204927TN-Shop.jpeg\",\"file\":[]}]', 0, 0),
(10, 'MB-AKJSh', ' Samsung Galaxy A01', 7, '', 'PLS TFT LCD', 'HD+ (720 x 1520 Pixels)', '5.7\"', '	Kính thường', '6000000', '{\"name\":\"samsung-galaxy-a01-note-.jpg\",\"type\":\"image/jpeg\",\"size\":\"142 kB\",\"base64\":\"http://www.api.tnshop/files/qba3usuk1583204954TN-Shop.jpeg\",\"file\":[]}', 'HD+ (720 x 1520 Pixels)ật', 'có', 'Đang cập nhật', 'không', '', 'HD+ (720 x 1520 Pixels)ật', '5 MP', 1, '5 MP', '[{\"nameColor\":\"Ghi\",\"code\":\"#cfcfcf\"}]', '	Android 10', '2 nhân 1.95 GHz & 6 ', '2 nhân 1.95 GHz & 6 nhân 1.45 GHt', '	Adreno 505', '	2 GB', '16 GB', '	MicroSD, hỗ trợ tối đa 512 GB', '2 Nano SIM', '	Hỗ trợ 4G', 'Wi-Fi 802.11 a/b/g/n/ac/ax, Dual-band, Wi-Fi Direct, Wi-Fi hotspot', 'BDS, A-GPS, GLONASS', 'A2DP, LE, v4.2', 'NFC, OTG', '', '3000 mAh', '	Pin chuẩn Li-Ion', 'Tiết kiệm pin', '[{\"value\":\"12\",\"label\":\"ĐT Đang Hot\",\"logo\":\"http://www.api.tnshop/files/ob0sddzu1582800877TN-Shop.jpeg\"}]', '	Khung & Mặt lưng nhựa', '	149 g', 'Mở khoá khuôn mặt\n	Nhân bản ứng dụng\nChặn tin nhắn\nChặn cuộc gọi\nĐèn pin', '	Nguyên khối', '[{\"name\":\"samsung-galaxy-a01-400x460-3-400x460.png\",\"type\":\"image/png\",\"size\":\"215 kB\",\"base64\":\"http://www.api.tnshop/files/nhic0sfw1583204954TN-Shop.png\",\"file\":[]},{\"name\":\"iphone-11-pro-max-mau-bac-1-org.jpg\",\"type\":\"image/jpeg\",\"size\":\"241 kB\",\"base64\":\"http://www.api.tnshop/files/wh75hfdp1583204954TN-Shop.jpeg\",\"file\":[]}]', 0, 36),
(11, 'MB-avxxxxS', 'Vsmart Joy 3 (3GB/32GB)', 11, '', 'Đang cập nhật', 'Đang cập nhật', 'Đang cập nhật', 'Đang cập nhật', '5000000', '{\"name\":\"vi-vn-vsmart-joy-3-tinhnang.jpg\",\"type\":\"image/jpeg\",\"size\":\"193 kB\",\"base64\":\"http://www.api.tnshop/files/26o2ceie1583204972TN-Shop.jpeg\",\"file\":[]}', 'Đang cập nhật', 'Đang cập nhật', 'Đang cập nhật', 'Đang cập nhật', '', 'Đang cập nhật', 'Đang cập nhật', 0, 'Đang cập nhật', '[{\"nameColor\":\"Đỏ\",\"code\":\"#ff4343\"}]', 'Đang cập nhật', 'Đang cập nhật', 'Đang cập nhật', 'Đang cập nhật', 'Đang cập nhật', 'Đang cập nhật', 'Đang cập nhật', 'Đang cập nhật', 'Đang cập nhật', 'Đang cập nhật', 'Đang cập nhật', 'Đang cập nhật', 'Đang cập nhật', '', 'Đang cập nhật', 'Đang cập nhật', 'Đang cập nhật', '[{\"value\":\"10\",\"label\":\"Quảng Cáo\",\"logo\":\"data:image/jpeg;base64,/9j/4AAQSkZJRgABAQAAAQABAAD/2wBDAAYEBAUEBAYFBQUGBgYHCQ4JCQgICRINDQoOFRIWFhUSFBQXGiEcFxgfGRQUHScdHyIjJSUlFhwpLCgkKyEkJST/2wBDAQYGBgkICREJCREkGBQYJCQkJCQkJCQkJCQkJCQkJCQkJCQkJCQkJCQkJCQkJCQkJCQkJCQkJCQkJCQkJCQkJCT/wAARCAHCAyADASIAAhEBAxEB/8QAHAABAQEAAwEBAQAAAAAAAAAAAAIBBgcIBQQD/8QAWBAAAgEDAgICCwcODAQGAwAAAAECAwQRBQYHEiExCBMUQVFhcYGRobEVIjJCcrLBFxgjMzU3UlVic3SSlNEWJCY0Q1NWgpOz0uJEVISiJSc2g6PhY2TC/8QAGwEBAAIDAQEAAAAAAAAAAAAAAAEFAwQGAgf/xAA1EQEAAgEDAQUECQQDAQAAAAAAAQIDBAURMRIhMkFRE3GBkQYUIjM0QmGhsRVSwdEjQ+Hw/9oADAMBAAIRAxEAPwDvMAGJ7AAAAAAAADTDQNRqMRoFI1GIpAaikSikSKRSJRSDypFIlFICkUiUWgNRSJRSJgUikSikBSNRiKQGo1GIoDUajEagNAAAAAAAAAAAAAAAAAAAAAAAAAAAAAAAAAAAAAAAAAAAAAAABjMZrMYEsxlEgYyWUyWBLJZTMYEMllslgQyWWyGQJZLLZDAlkspksJSyWUzGEpZLKZJAlmMpkgYYaYwAAAAAAAAAAAAAAAAAAAAAAjTEaBpRJQGlIlFICkajEUiUNRSMRSCGotEItAUikSikBSKRKKQgUikSikSNRSMRqA0oxGgaajDUBoAAAAAAAAAAAAAAAAAAAAAAAAAAAAAAAAAAAAAAAAAAAAAAAMZhpgGGM0wCWYzWYwJZLKZLAlkspksgSyWUyWBLIZ', 'Đang cập nhật', 'Đang cập nhật', 'Đang cập nhật', 'Đang cập nhật', '[{\"name\":\"vsmart-joy-3-tim-400x460-1-400x460.png\",\"type\":\"image/png\",\"size\":\"158 kB\",\"base64\":\"http://www.api.tnshop/files/bzccstga1583204972TN-Shop.png\",\"file\":[]},{\"name\":\"vsmart-joy-3-note1.jpg\",\"type\":\"image/jpeg\",\"size\":\"151 kB\",\"base64\":\"http://www.api.tnshop/files/c65czuso1583204972TN-Shop.jpeg\",\"file\":[]},{\"name\":\"vi-vn-vsmart-joy-3-manhinh.jpg\",\"type\":\"image/jpeg\",\"size\":\"209 kB\",\"base64\":\"http://www.api.tnshop/files/yy7wr3fn1583204972TN-Shop.jpeg\",\"file\":[]}]', 0, 0),
(12, 'MB-Realme6i', 'Realme 6i', 13, '0.5', 'IPS LCD', 'HD+ (720 x 1600 Pixels)', '6.5\"', 'Kính cường lực Corning Gorilla Glass 3', '4500000', '{\"base64\":null}', '16 MP', 'MediaTek Helio G80 8 nhân', 'Đang cập nhật', '2 nhân 2.0 GHz & 6 nhân 1.8 GHz, Mali-G52 MC2', '', 'Chính 48 MP & Phụ 8 MP, 2 MP, 2 MP', 'Quay phim HD 720p@30fps, Quay phim FullHD 1080p@30fps', 1, 'A.I Camera, Ban đêm (Night Mode), Trôi nhanh thời gian (Time Lapse), Quay chậm (Slow Motion), Xoá phông, Chống rung điện tử kỹ thuật số (EIS), Đơn sắc trắng đen (Black White), Làm đẹp, Góc rộng (Wide), Siêu cận (Macro), Góc siêu rộng (Ultrawide), Tự động lấy nét (AF), Chạm lấy nét, Nhận diện khuôn mặt, HDR, Toàn cảnh (Panorama), Chuyên nghiệp (Pro)', '[{\"nameColor\":\"Bạc\",\"code\":\"#eaeaea\"}]', 'Android 10', '	MediaTek Helio G80 ', '2 nhân 2.0 GHz & 6 nhân 1.8 GHz', 'Mali-G52 MC2', '4 GB', '128 GB', 'Đang cập nhật', '2 Nano SIM', 'Hỗ trợ 4G', 'Wi-Fi 802.11 a/b/g/n/ac/ax, Dual-band, Wi-Fi Direct, Wi-Fi hotspot', 'BDS, A-GPS, GLONASS', 'A2DP, LE, v4.2', 'Lightning', '', '3000 mAh', 'Pin chuẩn Li-Ion', 'Đang cập nhật', '[{\"value\":\"12\",\"label\":\"ĐT Đang Hot\",\"logo\":\"http://www.api.tnshop/files/ob0sddzu1582800877TN-Shop.jpeg\"},{\"value\":\"17\",\"label\":\"ANDROID\",\"logo\":\"http://www.api.tnshop/files/oq2rm4cj1582801586TN-Shop.png\"},{\"value\":\"11\",\"label\":\"Slide Web Site\",\"logo\":\"http://www.api.tnshop/files/0hv6kdn21582801908TN-Shop.png\"},{\"value\":\"18\",\"label\":\"REALME\",\"logo\":\"data:image/png;base64,iVBORw0KGgoAAAANSUhEUgAAAZAAAAGQCAYAAACAvzbMAAAgAElEQVR4Xuy995vkyHUleiICSFO2/fieoRFJ0ZMj0S0pGkmkaCQa6entrnb1/qz3vR/2hxX3Ga0kSpS0oixHpOg9hyKHbsjx09O+XDogIt53bgCZWdVV3ZXZhe7q6pvz1VR1JhBAngDi4LpzTQghQl+KgCKgCCgCisCMCBglkBkR080VAUVAEVAEBAElEL0QFAFFQBFQBOZCQAlkLth0J0VAEVAEFAElEL0GFAFFQBFQBOZCQAlkLth0J0VAEVAEFAElEL0GFAFFQBFQBOZCQAlkLth0J0VAEVAEFAElEL0GFAFFQBFQBOZCQAlkLth0J0VAEVAEFAElEL0GFAFFQBFQBOZCQAlkLth0J0VAEVAEFAElEL0GFAFFQBFQBOZCQAlkLth0J0VAEVAEFAElEL0GFAFFQBFQBOZCQAlkLth0J0VAEVAEFAElEL0GFAFFQBFQBOZCQAlkLth0J0VAEVAEFAElEL0GFAFFQBFQBOZCQAlkLth0J0VAEVAEFAElEL0GFAFFQBFQBOZCQAlkLth0J0VAEVAEFAElEL0GFAFFQBFQBOZCQAlkLth0J0VAEV', 'Khung kim loại & Mặt lưng kính cường lực', '195 g', 'Đang cập nhật', 'Nguyên khối', '[{\"name\":\"white(1)-640x770.png\",\"type\":\"image/png\",\"size\":\"455 kB\",\"base64\":\"http://www.api.tnshop/files/nq0cnmcy1588918013TN-Shop.png\",\"file\":[]}]', 0, 0),
(13, 'MB-TabA10.1T515', 'Samsung Galaxy Tab A 10.1 T515 (2019)', 5, '', 'TFT LCD', '1920 x 1200 pixels', '10.1\"', 'Đang cập nhật', '6790000', '{\"name\":\"vi-vn-samsung-galaxy-tab-a-101-t515-2019-tinhnang.jpg\",\"type\":\"image/jpeg\",\"size\":\"129 kB\",\"base64\":\"http://www.api.tnshop/files/6i2tcfd01588918867TN-Shop.jpeg\",\"file\":[]}', '5 MP', 'Đang cập nhật', 'Đang cập nhật', 'Đang cập nhật', '', '8 MP', 'FullHD 1080p@30fps', 0, 'Tự động lấy nét, Chạm lấy nét, Nhận diện khuôn mặt', '[{\"nameColor\":\"Bạc\",\"code\":\"#d4d4d4\"},{\"nameColor\":\"Vàng\",\"code\":\"#e7e767\"}]', 'Android 9.0 (Pie)', 'Exynos 7904 8 nhân', '2 nhân 1.8 GHz & 6 nhân 1.6 GHz', 'G71 MP2', '3 GB', '32 GB', 'Đang cập nhật', 'Đang cập nhật', 'Đang cập nhật', 'Đang cập nhật', 'Đang cập nhật', 'Đang cập nhật', 'Đang cập nhật', '', 'Đang cập nhật', 'Đang cập nhật', 'Đang cập nhật', '[{\"value\":\"14\",\"label\":\"Máy tính bảng\",\"logo\":\"http://www.api.tnshop/files/cupymbzy1587136784TN-Shop.png\"},{\"value\":\"10\",\"label\":\"Quảng Cáo\",\"logo\":\"http://www.api.tnshop/files/bnbj2kaw1582801894TN-Shop.png\"},{\"value\":\"11\",\"label\":\"Slide Web Site\",\"logo\":\"http://www.api.tnshop/files/0hv6kdn21582801908TN-Shop.png\"}]', 'Đang cập nhật', 'Đang cập nhật', 'Đang cập nhật', 'Đang cập nhật', '[{\"name\":\"samsung-galaxy-tab-a-101-t515-2019-gold-400x460.png\",\"type\":\"image/png\",\"size\":\"129 kB\",\"base64\":\"http://www.api.tnshop/files/y4viraef1588918790TN-Shop.png\",\"file\":[]},{\"name\":\"samsung-galaxy-tab-a-101-t515-2019-vang-1-org.jpg\",\"type\":\"image/jpeg\",\"size\":\"340 kB\",\"base64\":\"http://www.api.tnshop/files/6hon6dwz1588918790TN-Shop.jpeg\",\"file\":[]}]', 0, 0);

-- --------------------------------------------------------

--
-- Cấu trúc bảng cho bảng `user`
--

CREATE TABLE `user` (
  `id_user` int(11) NOT NULL,
  `name` varchar(200) COLLATE utf8mb4_unicode_ci NOT NULL,
  `email` varchar(200) COLLATE utf8mb4_unicode_ci NOT NULL,
  `password` varchar(200) COLLATE utf8mb4_unicode_ci NOT NULL,
  `phone` varchar(20) COLLATE utf8mb4_unicode_ci NOT NULL,
  `permission` varchar(20) COLLATE utf8mb4_unicode_ci NOT NULL
) ENGINE=InnoDB DEFAULT CHARSET=utf8mb4 COLLATE=utf8mb4_unicode_ci;

--
-- Đang đổ dữ liệu cho bảng `user`
--

INSERT INTO `user` (`id_user`, `name`, `email`, `password`, `phone`, `permission`) VALUES
(1, 'Find', 'admin', 'admin', '098855556', 'admin'),
(2, 'ten', 'email@xxxxs', 'password', '', ''),
(3, 'Thieen Ngoc', 'fitthienngoc@gmail.com', '123123', '', ''),
(4, 'Thieen Ngoc', 'ádđ@ádd', 'ádasdasd', '0982415396', ''),
(5, 'Thieen Ngoc', 'ádđ@áddd', 'ádasdasd', '0982415396', ''),
(6, 'Thieen Ngoc', 'ádđ@ádddd', 'ádasdasd', '0982415396', ''),
(17, 'Thieen5Ngoc', '4433@1112a', 'áddddd', '0982415396', ''),
(18, 'Thieen5Ngoc', '4433@1112ad', 'áddddd', '0982415396', '');

--
-- Chỉ mục cho các bảng đã đổ
--

--
-- Chỉ mục cho bảng `categories`
--
ALTER TABLE `categories`
  ADD PRIMARY KEY (`id_categorie`);

--
-- Chỉ mục cho bảng `comment`
--
ALTER TABLE `comment`
  ADD PRIMARY KEY (`Id`);

--
-- Chỉ mục cho bảng `orders`
--
ALTER TABLE `orders`
  ADD PRIMARY KEY (`Id`);

--
-- Chỉ mục cho bảng `products`
--
ALTER TABLE `products`
  ADD PRIMARY KEY (`Id`);

--
-- Chỉ mục cho bảng `user`
--
ALTER TABLE `user`
  ADD PRIMARY KEY (`id_user`);

--
-- AUTO_INCREMENT cho các bảng đã đổ
--

--
-- AUTO_INCREMENT cho bảng `categories`
--
ALTER TABLE `categories`
  MODIFY `id_categorie` int(11) NOT NULL AUTO_INCREMENT, AUTO_INCREMENT=19;

--
-- AUTO_INCREMENT cho bảng `comment`
--
ALTER TABLE `comment`
  MODIFY `Id` int(11) NOT NULL AUTO_INCREMENT, AUTO_INCREMENT=26;

--
-- AUTO_INCREMENT cho bảng `orders`
--
ALTER TABLE `orders`
  MODIFY `Id` int(11) NOT NULL AUTO_INCREMENT, AUTO_INCREMENT=49;

--
-- AUTO_INCREMENT cho bảng `products`
--
ALTER TABLE `products`
  MODIFY `Id` int(11) NOT NULL AUTO_INCREMENT, AUTO_INCREMENT=14;

--
-- AUTO_INCREMENT cho bảng `user`
--
ALTER TABLE `user`
  MODIFY `id_user` int(11) NOT NULL AUTO_INCREMENT, AUTO_INCREMENT=19;
COMMIT;

/*!40101 SET CHARACTER_SET_CLIENT=@OLD_CHARACTER_SET_CLIENT */;
/*!40101 SET CHARACTER_SET_RESULTS=@OLD_CHARACTER_SET_RESULTS */;
/*!40101 SET COLLATION_CONNECTION=@OLD_COLLATION_CONNECTION */;
